image_id,filename,image_path,label,class_name
1001,1001.jpg,D:\CV_leaf_identification\leaf_hog_lbp_svm\data\raw\Flavia\1001.jpg,0,pubescent_bamboo
1002,1002.jpg,D:\CV_leaf_identification\leaf_hog_lbp_svm\data\raw\Flavia\1002.jpg,0,pubescent_bamboo
1003,1003.jpg,D:\CV_leaf_identification\leaf_hog_lbp_svm\data\raw\Flavia\1003.jpg,0,pubescent_bamboo
1004,1004.jpg,D:\CV_leaf_identification\leaf_hog_lbp_svm\data\raw\Flavia\1004.jpg,0,pubescent_bamboo
1005,1005.jpg,D:\CV_leaf_identification\leaf_hog_lbp_svm\data\raw\Flavia\1005.jpg,0,pubescent_bamboo
1006,1006.jpg,D:\CV_leaf_identification\leaf_hog_lbp_svm\data\raw\Flavia\1006.jpg,0,pubescent_bamboo
1007,1007.jpg,D:\CV_leaf_identification\leaf_hog_lbp_svm\data\raw\Flavia\1007.jpg,0,pubescent_bamboo
1008,1008.jpg,D:\CV_leaf_identification\leaf_hog_lbp_svm\data\raw\Flavia\1008.jpg,0,pubescent_bamboo
1009,1009.jpg,D:\CV_leaf_identification\leaf_hog_lbp_svm\data\raw\Flavia\1009.jpg,0,pubescent_bamboo
1010,1010.jpg,D:\CV_leaf_identification\leaf_hog_lbp_svm\data\raw\Flavia\1010.jpg,0,pubescent_bamboo
1011,1011.jpg,D:\CV_leaf_identification\leaf_hog_lbp_svm\data\raw\Flavia\1011.jpg,0,pubescent_bamboo
1012,1012.jpg,D:\CV_leaf_identification\leaf_hog_lbp_svm\data\raw\Flavia\1012.jpg,0,pubescent_bamboo
1013,1013.jpg,D:\CV_leaf_identification\leaf_hog_lbp_svm\data\raw\Flavia\1013.jpg,0,pubescent_bamboo
1014,1014.jpg,D:\CV_leaf_identification\leaf_hog_lbp_svm\data\raw\Flavia\1014.jpg,0,pubescent_bamboo
1015,1015.jpg,D:\CV_leaf_identification\leaf_hog_lbp_svm\data\raw\Flavia\1015.jpg,0,pubescent_bamboo
1016,1016.jpg,D:\CV_leaf_identification\leaf_hog_lbp_svm\data\raw\Flavia\1016.jpg,0,pubescent_bamboo
1017,1017.jpg,D:\CV_leaf_identification\leaf_hog_lbp_svm\data\raw\Flavia\1017.jpg,0,pubescent_bamboo
1018,1018.jpg,D:\CV_leaf_identification\leaf_hog_lbp_svm\data\raw\Flavia\1018.jpg,0,pubescent_bamboo
1019,1019.jpg,D:\CV_leaf_identification\leaf_hog_lbp_svm\data\raw\Flavia\1019.jpg,0,pubescent_bamboo
1020,1020.jpg,D:\CV_leaf_identification\leaf_hog_lbp_svm\data\raw\Flavia\1020.jpg,0,pubescent_bamboo
1021,1021.jpg,D:\CV_leaf_identification\leaf_hog_lbp_svm\data\raw\Flavia\1021.jpg,0,pubescent_bamboo
1022,1022.jpg,D:\CV_leaf_identification\leaf_hog_lbp_svm\data\raw\Flavia\1022.jpg,0,pubescent_bamboo
1023,1023.jpg,D:\CV_leaf_identification\leaf_hog_lbp_svm\data\raw\Flavia\1023.jpg,0,pubescent_bamboo
1024,1024.jpg,D:\CV_leaf_identification\leaf_hog_lbp_svm\data\raw\Flavia\1024.jpg,0,pubescent_bamboo
1025,1025.jpg,D:\CV_leaf_identification\leaf_hog_lbp_svm\data\raw\Flavia\1025.jpg,0,pubescent_bamboo
1026,1026.jpg,D:\CV_leaf_identification\leaf_hog_lbp_svm\data\raw\Flavia\1026.jpg,0,pubescent_bamboo
1027,1027.jpg,D:\CV_leaf_identification\leaf_hog_lbp_svm\data\raw\Flavia\1027.jpg,0,pubescent_bamboo
1028,1028.jpg,D:\CV_leaf_identification\leaf_hog_lbp_svm\data\raw\Flavia\1028.jpg,0,pubescent_bamboo
1029,1029.jpg,D:\CV_leaf_identification\leaf_hog_lbp_svm\data\raw\Flavia\1029.jpg,0,pubescent_bamboo
1030,1030.jpg,D:\CV_leaf_identification\leaf_hog_lbp_svm\data\raw\Flavia\1030.jpg,0,pubescent_bamboo
1031,1031.jpg,D:\CV_leaf_identification\leaf_hog_lbp_svm\data\raw\Flavia\1031.jpg,0,pubescent_bamboo
1032,1032.jpg,D:\CV_leaf_identification\leaf_hog_lbp_svm\data\raw\Flavia\1032.jpg,0,pubescent_bamboo
1033,1033.jpg,D:\CV_leaf_identification\leaf_hog_lbp_svm\data\raw\Flavia\1033.jpg,0,pubescent_bamboo
1034,1034.jpg,D:\CV_leaf_identification\leaf_hog_lbp_svm\data\raw\Flavia\1034.jpg,0,pubescent_bamboo
1035,1035.jpg,D:\CV_leaf_identification\leaf_hog_lbp_svm\data\raw\Flavia\1035.jpg,0,pubescent_bamboo
1036,1036.jpg,D:\CV_leaf_identification\leaf_hog_lbp_svm\data\raw\Flavia\1036.jpg,0,pubescent_bamboo
1037,1037.jpg,D:\CV_leaf_identification\leaf_hog_lbp_svm\data\raw\Flavia\1037.jpg,0,pubescent_bamboo
1038,1038.jpg,D:\CV_leaf_identification\leaf_hog_lbp_svm\data\raw\Flavia\1038.jpg,0,pubescent_bamboo
1039,1039.jpg,D:\CV_leaf_identification\leaf_hog_lbp_svm\data\raw\Flavia\1039.jpg,0,pubescent_bamboo
1040,1040.jpg,D:\CV_leaf_identification\leaf_hog_lbp_svm\data\raw\Flavia\1040.jpg,0,pubescent_bamboo
1041,1041.jpg,D:\CV_leaf_identification\leaf_hog_lbp_svm\data\raw\Flavia\1041.jpg,0,pubescent_bamboo
1042,1042.jpg,D:\CV_leaf_identification\leaf_hog_lbp_svm\data\raw\Flavia\1042.jpg,0,pubescent_bamboo
1043,1043.jpg,D:\CV_leaf_identification\leaf_hog_lbp_svm\data\raw\Flavia\1043.jpg,0,pubescent_bamboo
1044,1044.jpg,D:\CV_leaf_identification\leaf_hog_lbp_svm\data\raw\Flavia\1044.jpg,0,pubescent_bamboo
1045,1045.jpg,D:\CV_leaf_identification\leaf_hog_lbp_svm\data\raw\Flavia\1045.jpg,0,pubescent_bamboo
1046,1046.jpg,D:\CV_leaf_identification\leaf_hog_lbp_svm\data\raw\Flavia\1046.jpg,0,pubescent_bamboo
1047,1047.jpg,D:\CV_leaf_identification\leaf_hog_lbp_svm\data\raw\Flavia\1047.jpg,0,pubescent_bamboo
1048,1048.jpg,D:\CV_leaf_identification\leaf_hog_lbp_svm\data\raw\Flavia\1048.jpg,0,pubescent_bamboo
1049,1049.jpg,D:\CV_leaf_identification\leaf_hog_lbp_svm\data\raw\Flavia\1049.jpg,0,pubescent_bamboo
1050,1050.jpg,D:\CV_leaf_identification\leaf_hog_lbp_svm\data\raw\Flavia\1050.jpg,0,pubescent_bamboo
1051,1051.jpg,D:\CV_leaf_identification\leaf_hog_lbp_svm\data\raw\Flavia\1051.jpg,0,pubescent_bamboo
1052,1052.jpg,D:\CV_leaf_identification\leaf_hog_lbp_svm\data\raw\Flavia\1052.jpg,0,pubescent_bamboo
1053,1053.jpg,D:\CV_leaf_identification\leaf_hog_lbp_svm\data\raw\Flavia\1053.jpg,0,pubescent_bamboo
1054,1054.jpg,D:\CV_leaf_identification\leaf_hog_lbp_svm\data\raw\Flavia\1054.jpg,0,pubescent_bamboo
1055,1055.jpg,D:\CV_leaf_identification\leaf_hog_lbp_svm\data\raw\Flavia\1055.jpg,0,pubescent_bamboo
1056,1056.jpg,D:\CV_leaf_identification\leaf_hog_lbp_svm\data\raw\Flavia\1056.jpg,0,pubescent_bamboo
1057,1057.jpg,D:\CV_leaf_identification\leaf_hog_lbp_svm\data\raw\Flavia\1057.jpg,0,pubescent_bamboo
1058,1058.jpg,D:\CV_leaf_identification\leaf_hog_lbp_svm\data\raw\Flavia\1058.jpg,0,pubescent_bamboo
1059,1059.jpg,D:\CV_leaf_identification\leaf_hog_lbp_svm\data\raw\Flavia\1059.jpg,0,pubescent_bamboo
1060,1060.jpg,D:\CV_leaf_identification\leaf_hog_lbp_svm\data\raw\Flavia\1060.jpg,1,chinese_horse_chestnut
1061,1061.jpg,D:\CV_leaf_identification\leaf_hog_lbp_svm\data\raw\Flavia\1061.jpg,1,chinese_horse_chestnut
1062,1062.jpg,D:\CV_leaf_identification\leaf_hog_lbp_svm\data\raw\Flavia\1062.jpg,1,chinese_horse_chestnut
1063,1063.jpg,D:\CV_leaf_identification\leaf_hog_lbp_svm\data\raw\Flavia\1063.jpg,1,chinese_horse_chestnut
1064,1064.jpg,D:\CV_leaf_identification\leaf_hog_lbp_svm\data\raw\Flavia\1064.jpg,1,chinese_horse_chestnut
1065,1065.jpg,D:\CV_leaf_identification\leaf_hog_lbp_svm\data\raw\Flavia\1065.jpg,1,chinese_horse_chestnut
1066,1066.jpg,D:\CV_leaf_identification\leaf_hog_lbp_svm\data\raw\Flavia\1066.jpg,1,chinese_horse_chestnut
1067,1067.jpg,D:\CV_leaf_identification\leaf_hog_lbp_svm\data\raw\Flavia\1067.jpg,1,chinese_horse_chestnut
1068,1068.jpg,D:\CV_leaf_identification\leaf_hog_lbp_svm\data\raw\Flavia\1068.jpg,1,chinese_horse_chestnut
1069,1069.jpg,D:\CV_leaf_identification\leaf_hog_lbp_svm\data\raw\Flavia\1069.jpg,1,chinese_horse_chestnut
1070,1070.jpg,D:\CV_leaf_identification\leaf_hog_lbp_svm\data\raw\Flavia\1070.jpg,1,chinese_horse_chestnut
1071,1071.jpg,D:\CV_leaf_identification\leaf_hog_lbp_svm\data\raw\Flavia\1071.jpg,1,chinese_horse_chestnut
1072,1072.jpg,D:\CV_leaf_identification\leaf_hog_lbp_svm\data\raw\Flavia\1072.jpg,1,chinese_horse_chestnut
1073,1073.jpg,D:\CV_leaf_identification\leaf_hog_lbp_svm\data\raw\Flavia\1073.jpg,1,chinese_horse_chestnut
1074,1074.jpg,D:\CV_leaf_identification\leaf_hog_lbp_svm\data\raw\Flavia\1074.jpg,1,chinese_horse_chestnut
1075,1075.jpg,D:\CV_leaf_identification\leaf_hog_lbp_svm\data\raw\Flavia\1075.jpg,1,chinese_horse_chestnut
1076,1076.jpg,D:\CV_leaf_identification\leaf_hog_lbp_svm\data\raw\Flavia\1076.jpg,1,chinese_horse_chestnut
1077,1077.jpg,D:\CV_leaf_identification\leaf_hog_lbp_svm\data\raw\Flavia\1077.jpg,1,chinese_horse_chestnut
1078,1078.jpg,D:\CV_leaf_identification\leaf_hog_lbp_svm\data\raw\Flavia\1078.jpg,1,chinese_horse_chestnut
1079,1079.jpg,D:\CV_leaf_identification\leaf_hog_lbp_svm\data\raw\Flavia\1079.jpg,1,chinese_horse_chestnut
1080,1080.jpg,D:\CV_leaf_identification\leaf_hog_lbp_svm\data\raw\Flavia\1080.jpg,1,chinese_horse_chestnut
1081,1081.jpg,D:\CV_leaf_identification\leaf_hog_lbp_svm\data\raw\Flavia\1081.jpg,1,chinese_horse_chestnut
1082,1082.jpg,D:\CV_leaf_identification\leaf_hog_lbp_svm\data\raw\Flavia\1082.jpg,1,chinese_horse_chestnut
1083,1083.jpg,D:\CV_leaf_identification\leaf_hog_lbp_svm\data\raw\Flavia\1083.jpg,1,chinese_horse_chestnut
1084,1084.jpg,D:\CV_leaf_identification\leaf_hog_lbp_svm\data\raw\Flavia\1084.jpg,1,chinese_horse_chestnut
1085,1085.jpg,D:\CV_leaf_identification\leaf_hog_lbp_svm\data\raw\Flavia\1085.jpg,1,chinese_horse_chestnut
1086,1086.jpg,D:\CV_leaf_identification\leaf_hog_lbp_svm\data\raw\Flavia\1086.jpg,1,chinese_horse_chestnut
1087,1087.jpg,D:\CV_leaf_identification\leaf_hog_lbp_svm\data\raw\Flavia\1087.jpg,1,chinese_horse_chestnut
1088,1088.jpg,D:\CV_leaf_identification\leaf_hog_lbp_svm\data\raw\Flavia\1088.jpg,1,chinese_horse_chestnut
1089,1089.jpg,D:\CV_leaf_identification\leaf_hog_lbp_svm\data\raw\Flavia\1089.jpg,1,chinese_horse_chestnut
1090,1090.jpg,D:\CV_leaf_identification\leaf_hog_lbp_svm\data\raw\Flavia\1090.jpg,1,chinese_horse_chestnut
1091,1091.jpg,D:\CV_leaf_identification\leaf_hog_lbp_svm\data\raw\Flavia\1091.jpg,1,chinese_horse_chestnut
1092,1092.jpg,D:\CV_leaf_identification\leaf_hog_lbp_svm\data\raw\Flavia\1092.jpg,1,chinese_horse_chestnut
1093,1093.jpg,D:\CV_leaf_identification\leaf_hog_lbp_svm\data\raw\Flavia\1093.jpg,1,chinese_horse_chestnut
1094,1094.jpg,D:\CV_leaf_identification\leaf_hog_lbp_svm\data\raw\Flavia\1094.jpg,1,chinese_horse_chestnut
1095,1095.jpg,D:\CV_leaf_identification\leaf_hog_lbp_svm\data\raw\Flavia\1095.jpg,1,chinese_horse_chestnut
1096,1096.jpg,D:\CV_leaf_identification\leaf_hog_lbp_svm\data\raw\Flavia\1096.jpg,1,chinese_horse_chestnut
1097,1097.jpg,D:\CV_leaf_identification\leaf_hog_lbp_svm\data\raw\Flavia\1097.jpg,1,chinese_horse_chestnut
1098,1098.jpg,D:\CV_leaf_identification\leaf_hog_lbp_svm\data\raw\Flavia\1098.jpg,1,chinese_horse_chestnut
1099,1099.jpg,D:\CV_leaf_identification\leaf_hog_lbp_svm\data\raw\Flavia\1099.jpg,1,chinese_horse_chestnut
1100,1100.jpg,D:\CV_leaf_identification\leaf_hog_lbp_svm\data\raw\Flavia\1100.jpg,1,chinese_horse_chestnut
1101,1101.jpg,D:\CV_leaf_identification\leaf_hog_lbp_svm\data\raw\Flavia\1101.jpg,1,chinese_horse_chestnut
1102,1102.jpg,D:\CV_leaf_identification\leaf_hog_lbp_svm\data\raw\Flavia\1102.jpg,1,chinese_horse_chestnut
1103,1103.jpg,D:\CV_leaf_identification\leaf_hog_lbp_svm\data\raw\Flavia\1103.jpg,1,chinese_horse_chestnut
1104,1104.jpg,D:\CV_leaf_identification\leaf_hog_lbp_svm\data\raw\Flavia\1104.jpg,1,chinese_horse_chestnut
1105,1105.jpg,D:\CV_leaf_identification\leaf_hog_lbp_svm\data\raw\Flavia\1105.jpg,1,chinese_horse_chestnut
1106,1106.jpg,D:\CV_leaf_identification\leaf_hog_lbp_svm\data\raw\Flavia\1106.jpg,1,chinese_horse_chestnut
1107,1107.jpg,D:\CV_leaf_identification\leaf_hog_lbp_svm\data\raw\Flavia\1107.jpg,1,chinese_horse_chestnut
1108,1108.jpg,D:\CV_leaf_identification\leaf_hog_lbp_svm\data\raw\Flavia\1108.jpg,1,chinese_horse_chestnut
1109,1109.jpg,D:\CV_leaf_identification\leaf_hog_lbp_svm\data\raw\Flavia\1109.jpg,1,chinese_horse_chestnut
1110,1110.jpg,D:\CV_leaf_identification\leaf_hog_lbp_svm\data\raw\Flavia\1110.jpg,1,chinese_horse_chestnut
1111,1111.jpg,D:\CV_leaf_identification\leaf_hog_lbp_svm\data\raw\Flavia\1111.jpg,1,chinese_horse_chestnut
1112,1112.jpg,D:\CV_leaf_identification\leaf_hog_lbp_svm\data\raw\Flavia\1112.jpg,1,chinese_horse_chestnut
1113,1113.jpg,D:\CV_leaf_identification\leaf_hog_lbp_svm\data\raw\Flavia\1113.jpg,1,chinese_horse_chestnut
1114,1114.jpg,D:\CV_leaf_identification\leaf_hog_lbp_svm\data\raw\Flavia\1114.jpg,1,chinese_horse_chestnut
1115,1115.jpg,D:\CV_leaf_identification\leaf_hog_lbp_svm\data\raw\Flavia\1115.jpg,1,chinese_horse_chestnut
1116,1116.jpg,D:\CV_leaf_identification\leaf_hog_lbp_svm\data\raw\Flavia\1116.jpg,1,chinese_horse_chestnut
1117,1117.jpg,D:\CV_leaf_identification\leaf_hog_lbp_svm\data\raw\Flavia\1117.jpg,1,chinese_horse_chestnut
1118,1118.jpg,D:\CV_leaf_identification\leaf_hog_lbp_svm\data\raw\Flavia\1118.jpg,1,chinese_horse_chestnut
1119,1119.jpg,D:\CV_leaf_identification\leaf_hog_lbp_svm\data\raw\Flavia\1119.jpg,1,chinese_horse_chestnut
1120,1120.jpg,D:\CV_leaf_identification\leaf_hog_lbp_svm\data\raw\Flavia\1120.jpg,1,chinese_horse_chestnut
1121,1121.jpg,D:\CV_leaf_identification\leaf_hog_lbp_svm\data\raw\Flavia\1121.jpg,1,chinese_horse_chestnut
1122,1122.jpg,D:\CV_leaf_identification\leaf_hog_lbp_svm\data\raw\Flavia\1122.jpg,1,chinese_horse_chestnut
1123,1123.jpg,D:\CV_leaf_identification\leaf_hog_lbp_svm\data\raw\Flavia\1123.jpg,2,chinese_redbud
1124,1124.jpg,D:\CV_leaf_identification\leaf_hog_lbp_svm\data\raw\Flavia\1124.jpg,2,chinese_redbud
1125,1125.jpg,D:\CV_leaf_identification\leaf_hog_lbp_svm\data\raw\Flavia\1125.jpg,2,chinese_redbud
1126,1126.jpg,D:\CV_leaf_identification\leaf_hog_lbp_svm\data\raw\Flavia\1126.jpg,2,chinese_redbud
1127,1127.jpg,D:\CV_leaf_identification\leaf_hog_lbp_svm\data\raw\Flavia\1127.jpg,2,chinese_redbud
1128,1128.jpg,D:\CV_leaf_identification\leaf_hog_lbp_svm\data\raw\Flavia\1128.jpg,2,chinese_redbud
1129,1129.jpg,D:\CV_leaf_identification\leaf_hog_lbp_svm\data\raw\Flavia\1129.jpg,2,chinese_redbud
1130,1130.jpg,D:\CV_leaf_identification\leaf_hog_lbp_svm\data\raw\Flavia\1130.jpg,2,chinese_redbud
1131,1131.jpg,D:\CV_leaf_identification\leaf_hog_lbp_svm\data\raw\Flavia\1131.jpg,2,chinese_redbud
1132,1132.jpg,D:\CV_leaf_identification\leaf_hog_lbp_svm\data\raw\Flavia\1132.jpg,2,chinese_redbud
1133,1133.jpg,D:\CV_leaf_identification\leaf_hog_lbp_svm\data\raw\Flavia\1133.jpg,2,chinese_redbud
1134,1134.jpg,D:\CV_leaf_identification\leaf_hog_lbp_svm\data\raw\Flavia\1134.jpg,2,chinese_redbud
1135,1135.jpg,D:\CV_leaf_identification\leaf_hog_lbp_svm\data\raw\Flavia\1135.jpg,2,chinese_redbud
1136,1136.jpg,D:\CV_leaf_identification\leaf_hog_lbp_svm\data\raw\Flavia\1136.jpg,2,chinese_redbud
1137,1137.jpg,D:\CV_leaf_identification\leaf_hog_lbp_svm\data\raw\Flavia\1137.jpg,2,chinese_redbud
1138,1138.jpg,D:\CV_leaf_identification\leaf_hog_lbp_svm\data\raw\Flavia\1138.jpg,2,chinese_redbud
1139,1139.jpg,D:\CV_leaf_identification\leaf_hog_lbp_svm\data\raw\Flavia\1139.jpg,2,chinese_redbud
1140,1140.jpg,D:\CV_leaf_identification\leaf_hog_lbp_svm\data\raw\Flavia\1140.jpg,2,chinese_redbud
1141,1141.jpg,D:\CV_leaf_identification\leaf_hog_lbp_svm\data\raw\Flavia\1141.jpg,2,chinese_redbud
1142,1142.jpg,D:\CV_leaf_identification\leaf_hog_lbp_svm\data\raw\Flavia\1142.jpg,2,chinese_redbud
1143,1143.jpg,D:\CV_leaf_identification\leaf_hog_lbp_svm\data\raw\Flavia\1143.jpg,2,chinese_redbud
1144,1144.jpg,D:\CV_leaf_identification\leaf_hog_lbp_svm\data\raw\Flavia\1144.jpg,2,chinese_redbud
1145,1145.jpg,D:\CV_leaf_identification\leaf_hog_lbp_svm\data\raw\Flavia\1145.jpg,2,chinese_redbud
1146,1146.jpg,D:\CV_leaf_identification\leaf_hog_lbp_svm\data\raw\Flavia\1146.jpg,2,chinese_redbud
1147,1147.jpg,D:\CV_leaf_identification\leaf_hog_lbp_svm\data\raw\Flavia\1147.jpg,2,chinese_redbud
1148,1148.jpg,D:\CV_leaf_identification\leaf_hog_lbp_svm\data\raw\Flavia\1148.jpg,2,chinese_redbud
1149,1149.jpg,D:\CV_leaf_identification\leaf_hog_lbp_svm\data\raw\Flavia\1149.jpg,2,chinese_redbud
1150,1150.jpg,D:\CV_leaf_identification\leaf_hog_lbp_svm\data\raw\Flavia\1150.jpg,2,chinese_redbud
1151,1151.jpg,D:\CV_leaf_identification\leaf_hog_lbp_svm\data\raw\Flavia\1151.jpg,2,chinese_redbud
1152,1152.jpg,D:\CV_leaf_identification\leaf_hog_lbp_svm\data\raw\Flavia\1152.jpg,2,chinese_redbud
1153,1153.jpg,D:\CV_leaf_identification\leaf_hog_lbp_svm\data\raw\Flavia\1153.jpg,2,chinese_redbud
1154,1154.jpg,D:\CV_leaf_identification\leaf_hog_lbp_svm\data\raw\Flavia\1154.jpg,2,chinese_redbud
1155,1155.jpg,D:\CV_leaf_identification\leaf_hog_lbp_svm\data\raw\Flavia\1155.jpg,2,chinese_redbud
1156,1156.jpg,D:\CV_leaf_identification\leaf_hog_lbp_svm\data\raw\Flavia\1156.jpg,2,chinese_redbud
1157,1157.jpg,D:\CV_leaf_identification\leaf_hog_lbp_svm\data\raw\Flavia\1157.jpg,2,chinese_redbud
1158,1158.jpg,D:\CV_leaf_identification\leaf_hog_lbp_svm\data\raw\Flavia\1158.jpg,2,chinese_redbud
1159,1159.jpg,D:\CV_leaf_identification\leaf_hog_lbp_svm\data\raw\Flavia\1159.jpg,2,chinese_redbud
1160,1160.jpg,D:\CV_leaf_identification\leaf_hog_lbp_svm\data\raw\Flavia\1160.jpg,2,chinese_redbud
1161,1161.jpg,D:\CV_leaf_identification\leaf_hog_lbp_svm\data\raw\Flavia\1161.jpg,2,chinese_redbud
1162,1162.jpg,D:\CV_leaf_identification\leaf_hog_lbp_svm\data\raw\Flavia\1162.jpg,2,chinese_redbud
1163,1163.jpg,D:\CV_leaf_identification\leaf_hog_lbp_svm\data\raw\Flavia\1163.jpg,2,chinese_redbud
1164,1164.jpg,D:\CV_leaf_identification\leaf_hog_lbp_svm\data\raw\Flavia\1164.jpg,2,chinese_redbud
1165,1165.jpg,D:\CV_leaf_identification\leaf_hog_lbp_svm\data\raw\Flavia\1165.jpg,2,chinese_redbud
1166,1166.jpg,D:\CV_leaf_identification\leaf_hog_lbp_svm\data\raw\Flavia\1166.jpg,2,chinese_redbud
1167,1167.jpg,D:\CV_leaf_identification\leaf_hog_lbp_svm\data\raw\Flavia\1167.jpg,2,chinese_redbud
1168,1168.jpg,D:\CV_leaf_identification\leaf_hog_lbp_svm\data\raw\Flavia\1168.jpg,2,chinese_redbud
1169,1169.jpg,D:\CV_leaf_identification\leaf_hog_lbp_svm\data\raw\Flavia\1169.jpg,2,chinese_redbud
1170,1170.jpg,D:\CV_leaf_identification\leaf_hog_lbp_svm\data\raw\Flavia\1170.jpg,2,chinese_redbud
1171,1171.jpg,D:\CV_leaf_identification\leaf_hog_lbp_svm\data\raw\Flavia\1171.jpg,2,chinese_redbud
1172,1172.jpg,D:\CV_leaf_identification\leaf_hog_lbp_svm\data\raw\Flavia\1172.jpg,2,chinese_redbud
1173,1173.jpg,D:\CV_leaf_identification\leaf_hog_lbp_svm\data\raw\Flavia\1173.jpg,2,chinese_redbud
1174,1174.jpg,D:\CV_leaf_identification\leaf_hog_lbp_svm\data\raw\Flavia\1174.jpg,2,chinese_redbud
1175,1175.jpg,D:\CV_leaf_identification\leaf_hog_lbp_svm\data\raw\Flavia\1175.jpg,2,chinese_redbud
1176,1176.jpg,D:\CV_leaf_identification\leaf_hog_lbp_svm\data\raw\Flavia\1176.jpg,2,chinese_redbud
1177,1177.jpg,D:\CV_leaf_identification\leaf_hog_lbp_svm\data\raw\Flavia\1177.jpg,2,chinese_redbud
1178,1178.jpg,D:\CV_leaf_identification\leaf_hog_lbp_svm\data\raw\Flavia\1178.jpg,2,chinese_redbud
1179,1179.jpg,D:\CV_leaf_identification\leaf_hog_lbp_svm\data\raw\Flavia\1179.jpg,2,chinese_redbud
1180,1180.jpg,D:\CV_leaf_identification\leaf_hog_lbp_svm\data\raw\Flavia\1180.jpg,2,chinese_redbud
1181,1181.jpg,D:\CV_leaf_identification\leaf_hog_lbp_svm\data\raw\Flavia\1181.jpg,2,chinese_redbud
1182,1182.jpg,D:\CV_leaf_identification\leaf_hog_lbp_svm\data\raw\Flavia\1182.jpg,2,chinese_redbud
1183,1183.jpg,D:\CV_leaf_identification\leaf_hog_lbp_svm\data\raw\Flavia\1183.jpg,2,chinese_redbud
1184,1184.jpg,D:\CV_leaf_identification\leaf_hog_lbp_svm\data\raw\Flavia\1184.jpg,2,chinese_redbud
1185,1185.jpg,D:\CV_leaf_identification\leaf_hog_lbp_svm\data\raw\Flavia\1185.jpg,2,chinese_redbud
1186,1186.jpg,D:\CV_leaf_identification\leaf_hog_lbp_svm\data\raw\Flavia\1186.jpg,2,chinese_redbud
1187,1187.jpg,D:\CV_leaf_identification\leaf_hog_lbp_svm\data\raw\Flavia\1187.jpg,2,chinese_redbud
1188,1188.jpg,D:\CV_leaf_identification\leaf_hog_lbp_svm\data\raw\Flavia\1188.jpg,2,chinese_redbud
1189,1189.jpg,D:\CV_leaf_identification\leaf_hog_lbp_svm\data\raw\Flavia\1189.jpg,2,chinese_redbud
1190,1190.jpg,D:\CV_leaf_identification\leaf_hog_lbp_svm\data\raw\Flavia\1190.jpg,2,chinese_redbud
1191,1191.jpg,D:\CV_leaf_identification\leaf_hog_lbp_svm\data\raw\Flavia\1191.jpg,2,chinese_redbud
1192,1192.jpg,D:\CV_leaf_identification\leaf_hog_lbp_svm\data\raw\Flavia\1192.jpg,2,chinese_redbud
1193,1193.jpg,D:\CV_leaf_identification\leaf_hog_lbp_svm\data\raw\Flavia\1193.jpg,2,chinese_redbud
1194,1194.jpg,D:\CV_leaf_identification\leaf_hog_lbp_svm\data\raw\Flavia\1194.jpg,2,chinese_redbud
1195,1195.jpg,D:\CV_leaf_identification\leaf_hog_lbp_svm\data\raw\Flavia\1195.jpg,3,true_indigo
1196,1196.jpg,D:\CV_leaf_identification\leaf_hog_lbp_svm\data\raw\Flavia\1196.jpg,3,true_indigo
1197,1197.jpg,D:\CV_leaf_identification\leaf_hog_lbp_svm\data\raw\Flavia\1197.jpg,3,true_indigo
1198,1198.jpg,D:\CV_leaf_identification\leaf_hog_lbp_svm\data\raw\Flavia\1198.jpg,3,true_indigo
1199,1199.jpg,D:\CV_leaf_identification\leaf_hog_lbp_svm\data\raw\Flavia\1199.jpg,3,true_indigo
1200,1200.jpg,D:\CV_leaf_identification\leaf_hog_lbp_svm\data\raw\Flavia\1200.jpg,3,true_indigo
1201,1201.jpg,D:\CV_leaf_identification\leaf_hog_lbp_svm\data\raw\Flavia\1201.jpg,3,true_indigo
1202,1202.jpg,D:\CV_leaf_identification\leaf_hog_lbp_svm\data\raw\Flavia\1202.jpg,3,true_indigo
1203,1203.jpg,D:\CV_leaf_identification\leaf_hog_lbp_svm\data\raw\Flavia\1203.jpg,3,true_indigo
1204,1204.jpg,D:\CV_leaf_identification\leaf_hog_lbp_svm\data\raw\Flavia\1204.jpg,3,true_indigo
1205,1205.jpg,D:\CV_leaf_identification\leaf_hog_lbp_svm\data\raw\Flavia\1205.jpg,3,true_indigo
1206,1206.jpg,D:\CV_leaf_identification\leaf_hog_lbp_svm\data\raw\Flavia\1206.jpg,3,true_indigo
1207,1207.jpg,D:\CV_leaf_identification\leaf_hog_lbp_svm\data\raw\Flavia\1207.jpg,3,true_indigo
1208,1208.jpg,D:\CV_leaf_identification\leaf_hog_lbp_svm\data\raw\Flavia\1208.jpg,3,true_indigo
1209,1209.jpg,D:\CV_leaf_identification\leaf_hog_lbp_svm\data\raw\Flavia\1209.jpg,3,true_indigo
1210,1210.jpg,D:\CV_leaf_identification\leaf_hog_lbp_svm\data\raw\Flavia\1210.jpg,3,true_indigo
1211,1211.jpg,D:\CV_leaf_identification\leaf_hog_lbp_svm\data\raw\Flavia\1211.jpg,3,true_indigo
1212,1212.jpg,D:\CV_leaf_identification\leaf_hog_lbp_svm\data\raw\Flavia\1212.jpg,3,true_indigo
1213,1213.jpg,D:\CV_leaf_identification\leaf_hog_lbp_svm\data\raw\Flavia\1213.jpg,3,true_indigo
1214,1214.jpg,D:\CV_leaf_identification\leaf_hog_lbp_svm\data\raw\Flavia\1214.jpg,3,true_indigo
1215,1215.jpg,D:\CV_leaf_identification\leaf_hog_lbp_svm\data\raw\Flavia\1215.jpg,3,true_indigo
1216,1216.jpg,D:\CV_leaf_identification\leaf_hog_lbp_svm\data\raw\Flavia\1216.jpg,3,true_indigo
1217,1217.jpg,D:\CV_leaf_identification\leaf_hog_lbp_svm\data\raw\Flavia\1217.jpg,3,true_indigo
1218,1218.jpg,D:\CV_leaf_identification\leaf_hog_lbp_svm\data\raw\Flavia\1218.jpg,3,true_indigo
1219,1219.jpg,D:\CV_leaf_identification\leaf_hog_lbp_svm\data\raw\Flavia\1219.jpg,3,true_indigo
1220,1220.jpg,D:\CV_leaf_identification\leaf_hog_lbp_svm\data\raw\Flavia\1220.jpg,3,true_indigo
1221,1221.jpg,D:\CV_leaf_identification\leaf_hog_lbp_svm\data\raw\Flavia\1221.jpg,3,true_indigo
1222,1222.jpg,D:\CV_leaf_identification\leaf_hog_lbp_svm\data\raw\Flavia\1222.jpg,3,true_indigo
1223,1223.jpg,D:\CV_leaf_identification\leaf_hog_lbp_svm\data\raw\Flavia\1223.jpg,3,true_indigo
1224,1224.jpg,D:\CV_leaf_identification\leaf_hog_lbp_svm\data\raw\Flavia\1224.jpg,3,true_indigo
1225,1225.jpg,D:\CV_leaf_identification\leaf_hog_lbp_svm\data\raw\Flavia\1225.jpg,3,true_indigo
1226,1226.jpg,D:\CV_leaf_identification\leaf_hog_lbp_svm\data\raw\Flavia\1226.jpg,3,true_indigo
1227,1227.jpg,D:\CV_leaf_identification\leaf_hog_lbp_svm\data\raw\Flavia\1227.jpg,3,true_indigo
1228,1228.jpg,D:\CV_leaf_identification\leaf_hog_lbp_svm\data\raw\Flavia\1228.jpg,3,true_indigo
1229,1229.jpg,D:\CV_leaf_identification\leaf_hog_lbp_svm\data\raw\Flavia\1229.jpg,3,true_indigo
1230,1230.jpg,D:\CV_leaf_identification\leaf_hog_lbp_svm\data\raw\Flavia\1230.jpg,3,true_indigo
1231,1231.jpg,D:\CV_leaf_identification\leaf_hog_lbp_svm\data\raw\Flavia\1231.jpg,3,true_indigo
1232,1232.jpg,D:\CV_leaf_identification\leaf_hog_lbp_svm\data\raw\Flavia\1232.jpg,3,true_indigo
1233,1233.jpg,D:\CV_leaf_identification\leaf_hog_lbp_svm\data\raw\Flavia\1233.jpg,3,true_indigo
1234,1234.jpg,D:\CV_leaf_identification\leaf_hog_lbp_svm\data\raw\Flavia\1234.jpg,3,true_indigo
1235,1235.jpg,D:\CV_leaf_identification\leaf_hog_lbp_svm\data\raw\Flavia\1235.jpg,3,true_indigo
1236,1236.jpg,D:\CV_leaf_identification\leaf_hog_lbp_svm\data\raw\Flavia\1236.jpg,3,true_indigo
1237,1237.jpg,D:\CV_leaf_identification\leaf_hog_lbp_svm\data\raw\Flavia\1237.jpg,3,true_indigo
1238,1238.jpg,D:\CV_leaf_identification\leaf_hog_lbp_svm\data\raw\Flavia\1238.jpg,3,true_indigo
1239,1239.jpg,D:\CV_leaf_identification\leaf_hog_lbp_svm\data\raw\Flavia\1239.jpg,3,true_indigo
1240,1240.jpg,D:\CV_leaf_identification\leaf_hog_lbp_svm\data\raw\Flavia\1240.jpg,3,true_indigo
1241,1241.jpg,D:\CV_leaf_identification\leaf_hog_lbp_svm\data\raw\Flavia\1241.jpg,3,true_indigo
1242,1242.jpg,D:\CV_leaf_identification\leaf_hog_lbp_svm\data\raw\Flavia\1242.jpg,3,true_indigo
1243,1243.jpg,D:\CV_leaf_identification\leaf_hog_lbp_svm\data\raw\Flavia\1243.jpg,3,true_indigo
1244,1244.jpg,D:\CV_leaf_identification\leaf_hog_lbp_svm\data\raw\Flavia\1244.jpg,3,true_indigo
1245,1245.jpg,D:\CV_leaf_identification\leaf_hog_lbp_svm\data\raw\Flavia\1245.jpg,3,true_indigo
1246,1246.jpg,D:\CV_leaf_identification\leaf_hog_lbp_svm\data\raw\Flavia\1246.jpg,3,true_indigo
1247,1247.jpg,D:\CV_leaf_identification\leaf_hog_lbp_svm\data\raw\Flavia\1247.jpg,3,true_indigo
1248,1248.jpg,D:\CV_leaf_identification\leaf_hog_lbp_svm\data\raw\Flavia\1248.jpg,3,true_indigo
1249,1249.jpg,D:\CV_leaf_identification\leaf_hog_lbp_svm\data\raw\Flavia\1249.jpg,3,true_indigo
1250,1250.jpg,D:\CV_leaf_identification\leaf_hog_lbp_svm\data\raw\Flavia\1250.jpg,3,true_indigo
1251,1251.jpg,D:\CV_leaf_identification\leaf_hog_lbp_svm\data\raw\Flavia\1251.jpg,3,true_indigo
1252,1252.jpg,D:\CV_leaf_identification\leaf_hog_lbp_svm\data\raw\Flavia\1252.jpg,3,true_indigo
1253,1253.jpg,D:\CV_leaf_identification\leaf_hog_lbp_svm\data\raw\Flavia\1253.jpg,3,true_indigo
1254,1254.jpg,D:\CV_leaf_identification\leaf_hog_lbp_svm\data\raw\Flavia\1254.jpg,3,true_indigo
1255,1255.jpg,D:\CV_leaf_identification\leaf_hog_lbp_svm\data\raw\Flavia\1255.jpg,3,true_indigo
1256,1256.jpg,D:\CV_leaf_identification\leaf_hog_lbp_svm\data\raw\Flavia\1256.jpg,3,true_indigo
1257,1257.jpg,D:\CV_leaf_identification\leaf_hog_lbp_svm\data\raw\Flavia\1257.jpg,3,true_indigo
1258,1258.jpg,D:\CV_leaf_identification\leaf_hog_lbp_svm\data\raw\Flavia\1258.jpg,3,true_indigo
1259,1259.jpg,D:\CV_leaf_identification\leaf_hog_lbp_svm\data\raw\Flavia\1259.jpg,3,true_indigo
1260,1260.jpg,D:\CV_leaf_identification\leaf_hog_lbp_svm\data\raw\Flavia\1260.jpg,3,true_indigo
1261,1261.jpg,D:\CV_leaf_identification\leaf_hog_lbp_svm\data\raw\Flavia\1261.jpg,3,true_indigo
1262,1262.jpg,D:\CV_leaf_identification\leaf_hog_lbp_svm\data\raw\Flavia\1262.jpg,3,true_indigo
1263,1263.jpg,D:\CV_leaf_identification\leaf_hog_lbp_svm\data\raw\Flavia\1263.jpg,3,true_indigo
1264,1264.jpg,D:\CV_leaf_identification\leaf_hog_lbp_svm\data\raw\Flavia\1264.jpg,3,true_indigo
1265,1265.jpg,D:\CV_leaf_identification\leaf_hog_lbp_svm\data\raw\Flavia\1265.jpg,3,true_indigo
1266,1266.jpg,D:\CV_leaf_identification\leaf_hog_lbp_svm\data\raw\Flavia\1266.jpg,3,true_indigo
1267,1267.jpg,D:\CV_leaf_identification\leaf_hog_lbp_svm\data\raw\Flavia\1267.jpg,3,true_indigo
1268,1268.jpg,D:\CV_leaf_identification\leaf_hog_lbp_svm\data\raw\Flavia\1268.jpg,4,japanese_maple
1269,1269.jpg,D:\CV_leaf_identification\leaf_hog_lbp_svm\data\raw\Flavia\1269.jpg,4,japanese_maple
1270,1270.jpg,D:\CV_leaf_identification\leaf_hog_lbp_svm\data\raw\Flavia\1270.jpg,4,japanese_maple
1271,1271.jpg,D:\CV_leaf_identification\leaf_hog_lbp_svm\data\raw\Flavia\1271.jpg,4,japanese_maple
1272,1272.jpg,D:\CV_leaf_identification\leaf_hog_lbp_svm\data\raw\Flavia\1272.jpg,4,japanese_maple
1273,1273.jpg,D:\CV_leaf_identification\leaf_hog_lbp_svm\data\raw\Flavia\1273.jpg,4,japanese_maple
1274,1274.jpg,D:\CV_leaf_identification\leaf_hog_lbp_svm\data\raw\Flavia\1274.jpg,4,japanese_maple
1275,1275.jpg,D:\CV_leaf_identification\leaf_hog_lbp_svm\data\raw\Flavia\1275.jpg,4,japanese_maple
1276,1276.jpg,D:\CV_leaf_identification\leaf_hog_lbp_svm\data\raw\Flavia\1276.jpg,4,japanese_maple
1277,1277.jpg,D:\CV_leaf_identification\leaf_hog_lbp_svm\data\raw\Flavia\1277.jpg,4,japanese_maple
1278,1278.jpg,D:\CV_leaf_identification\leaf_hog_lbp_svm\data\raw\Flavia\1278.jpg,4,japanese_maple
1279,1279.jpg,D:\CV_leaf_identification\leaf_hog_lbp_svm\data\raw\Flavia\1279.jpg,4,japanese_maple
1280,1280.jpg,D:\CV_leaf_identification\leaf_hog_lbp_svm\data\raw\Flavia\1280.jpg,4,japanese_maple
1281,1281.jpg,D:\CV_leaf_identification\leaf_hog_lbp_svm\data\raw\Flavia\1281.jpg,4,japanese_maple
1282,1282.jpg,D:\CV_leaf_identification\leaf_hog_lbp_svm\data\raw\Flavia\1282.jpg,4,japanese_maple
1283,1283.jpg,D:\CV_leaf_identification\leaf_hog_lbp_svm\data\raw\Flavia\1283.jpg,4,japanese_maple
1284,1284.jpg,D:\CV_leaf_identification\leaf_hog_lbp_svm\data\raw\Flavia\1284.jpg,4,japanese_maple
1285,1285.jpg,D:\CV_leaf_identification\leaf_hog_lbp_svm\data\raw\Flavia\1285.jpg,4,japanese_maple
1286,1286.jpg,D:\CV_leaf_identification\leaf_hog_lbp_svm\data\raw\Flavia\1286.jpg,4,japanese_maple
1287,1287.jpg,D:\CV_leaf_identification\leaf_hog_lbp_svm\data\raw\Flavia\1287.jpg,4,japanese_maple
1288,1288.jpg,D:\CV_leaf_identification\leaf_hog_lbp_svm\data\raw\Flavia\1288.jpg,4,japanese_maple
1289,1289.jpg,D:\CV_leaf_identification\leaf_hog_lbp_svm\data\raw\Flavia\1289.jpg,4,japanese_maple
1290,1290.jpg,D:\CV_leaf_identification\leaf_hog_lbp_svm\data\raw\Flavia\1290.jpg,4,japanese_maple
1291,1291.jpg,D:\CV_leaf_identification\leaf_hog_lbp_svm\data\raw\Flavia\1291.jpg,4,japanese_maple
1292,1292.jpg,D:\CV_leaf_identification\leaf_hog_lbp_svm\data\raw\Flavia\1292.jpg,4,japanese_maple
1293,1293.jpg,D:\CV_leaf_identification\leaf_hog_lbp_svm\data\raw\Flavia\1293.jpg,4,japanese_maple
1294,1294.jpg,D:\CV_leaf_identification\leaf_hog_lbp_svm\data\raw\Flavia\1294.jpg,4,japanese_maple
1295,1295.jpg,D:\CV_leaf_identification\leaf_hog_lbp_svm\data\raw\Flavia\1295.jpg,4,japanese_maple
1296,1296.jpg,D:\CV_leaf_identification\leaf_hog_lbp_svm\data\raw\Flavia\1296.jpg,4,japanese_maple
1297,1297.jpg,D:\CV_leaf_identification\leaf_hog_lbp_svm\data\raw\Flavia\1297.jpg,4,japanese_maple
1298,1298.jpg,D:\CV_leaf_identification\leaf_hog_lbp_svm\data\raw\Flavia\1298.jpg,4,japanese_maple
1299,1299.jpg,D:\CV_leaf_identification\leaf_hog_lbp_svm\data\raw\Flavia\1299.jpg,4,japanese_maple
1300,1300.jpg,D:\CV_leaf_identification\leaf_hog_lbp_svm\data\raw\Flavia\1300.jpg,4,japanese_maple
1301,1301.jpg,D:\CV_leaf_identification\leaf_hog_lbp_svm\data\raw\Flavia\1301.jpg,4,japanese_maple
1302,1302.jpg,D:\CV_leaf_identification\leaf_hog_lbp_svm\data\raw\Flavia\1302.jpg,4,japanese_maple
1303,1303.jpg,D:\CV_leaf_identification\leaf_hog_lbp_svm\data\raw\Flavia\1303.jpg,4,japanese_maple
1304,1304.jpg,D:\CV_leaf_identification\leaf_hog_lbp_svm\data\raw\Flavia\1304.jpg,4,japanese_maple
1305,1305.jpg,D:\CV_leaf_identification\leaf_hog_lbp_svm\data\raw\Flavia\1305.jpg,4,japanese_maple
1306,1306.jpg,D:\CV_leaf_identification\leaf_hog_lbp_svm\data\raw\Flavia\1306.jpg,4,japanese_maple
1307,1307.jpg,D:\CV_leaf_identification\leaf_hog_lbp_svm\data\raw\Flavia\1307.jpg,4,japanese_maple
1308,1308.jpg,D:\CV_leaf_identification\leaf_hog_lbp_svm\data\raw\Flavia\1308.jpg,4,japanese_maple
1309,1309.jpg,D:\CV_leaf_identification\leaf_hog_lbp_svm\data\raw\Flavia\1309.jpg,4,japanese_maple
1310,1310.jpg,D:\CV_leaf_identification\leaf_hog_lbp_svm\data\raw\Flavia\1310.jpg,4,japanese_maple
1311,1311.jpg,D:\CV_leaf_identification\leaf_hog_lbp_svm\data\raw\Flavia\1311.jpg,4,japanese_maple
1312,1312.jpg,D:\CV_leaf_identification\leaf_hog_lbp_svm\data\raw\Flavia\1312.jpg,4,japanese_maple
1313,1313.jpg,D:\CV_leaf_identification\leaf_hog_lbp_svm\data\raw\Flavia\1313.jpg,4,japanese_maple
1314,1314.jpg,D:\CV_leaf_identification\leaf_hog_lbp_svm\data\raw\Flavia\1314.jpg,4,japanese_maple
1315,1315.jpg,D:\CV_leaf_identification\leaf_hog_lbp_svm\data\raw\Flavia\1315.jpg,4,japanese_maple
1316,1316.jpg,D:\CV_leaf_identification\leaf_hog_lbp_svm\data\raw\Flavia\1316.jpg,4,japanese_maple
1317,1317.jpg,D:\CV_leaf_identification\leaf_hog_lbp_svm\data\raw\Flavia\1317.jpg,4,japanese_maple
1318,1318.jpg,D:\CV_leaf_identification\leaf_hog_lbp_svm\data\raw\Flavia\1318.jpg,4,japanese_maple
1319,1319.jpg,D:\CV_leaf_identification\leaf_hog_lbp_svm\data\raw\Flavia\1319.jpg,4,japanese_maple
1320,1320.jpg,D:\CV_leaf_identification\leaf_hog_lbp_svm\data\raw\Flavia\1320.jpg,4,japanese_maple
1321,1321.jpg,D:\CV_leaf_identification\leaf_hog_lbp_svm\data\raw\Flavia\1321.jpg,4,japanese_maple
1322,1322.jpg,D:\CV_leaf_identification\leaf_hog_lbp_svm\data\raw\Flavia\1322.jpg,4,japanese_maple
1323,1323.jpg,D:\CV_leaf_identification\leaf_hog_lbp_svm\data\raw\Flavia\1323.jpg,4,japanese_maple
1324,1324.jpg,D:\CV_leaf_identification\leaf_hog_lbp_svm\data\raw\Flavia\1324.jpg,5,nanmu
1325,1325.jpg,D:\CV_leaf_identification\leaf_hog_lbp_svm\data\raw\Flavia\1325.jpg,5,nanmu
1326,1326.jpg,D:\CV_leaf_identification\leaf_hog_lbp_svm\data\raw\Flavia\1326.jpg,5,nanmu
1327,1327.jpg,D:\CV_leaf_identification\leaf_hog_lbp_svm\data\raw\Flavia\1327.jpg,5,nanmu
1328,1328.jpg,D:\CV_leaf_identification\leaf_hog_lbp_svm\data\raw\Flavia\1328.jpg,5,nanmu
1329,1329.jpg,D:\CV_leaf_identification\leaf_hog_lbp_svm\data\raw\Flavia\1329.jpg,5,nanmu
1330,1330.jpg,D:\CV_leaf_identification\leaf_hog_lbp_svm\data\raw\Flavia\1330.jpg,5,nanmu
1331,1331.jpg,D:\CV_leaf_identification\leaf_hog_lbp_svm\data\raw\Flavia\1331.jpg,5,nanmu
1332,1332.jpg,D:\CV_leaf_identification\leaf_hog_lbp_svm\data\raw\Flavia\1332.jpg,5,nanmu
1333,1333.jpg,D:\CV_leaf_identification\leaf_hog_lbp_svm\data\raw\Flavia\1333.jpg,5,nanmu
1334,1334.jpg,D:\CV_leaf_identification\leaf_hog_lbp_svm\data\raw\Flavia\1334.jpg,5,nanmu
1335,1335.jpg,D:\CV_leaf_identification\leaf_hog_lbp_svm\data\raw\Flavia\1335.jpg,5,nanmu
1336,1336.jpg,D:\CV_leaf_identification\leaf_hog_lbp_svm\data\raw\Flavia\1336.jpg,5,nanmu
1337,1337.jpg,D:\CV_leaf_identification\leaf_hog_lbp_svm\data\raw\Flavia\1337.jpg,5,nanmu
1338,1338.jpg,D:\CV_leaf_identification\leaf_hog_lbp_svm\data\raw\Flavia\1338.jpg,5,nanmu
1339,1339.jpg,D:\CV_leaf_identification\leaf_hog_lbp_svm\data\raw\Flavia\1339.jpg,5,nanmu
1340,1340.jpg,D:\CV_leaf_identification\leaf_hog_lbp_svm\data\raw\Flavia\1340.jpg,5,nanmu
1341,1341.jpg,D:\CV_leaf_identification\leaf_hog_lbp_svm\data\raw\Flavia\1341.jpg,5,nanmu
1342,1342.jpg,D:\CV_leaf_identification\leaf_hog_lbp_svm\data\raw\Flavia\1342.jpg,5,nanmu
1343,1343.jpg,D:\CV_leaf_identification\leaf_hog_lbp_svm\data\raw\Flavia\1343.jpg,5,nanmu
1344,1344.jpg,D:\CV_leaf_identification\leaf_hog_lbp_svm\data\raw\Flavia\1344.jpg,5,nanmu
1345,1345.jpg,D:\CV_leaf_identification\leaf_hog_lbp_svm\data\raw\Flavia\1345.jpg,5,nanmu
1346,1346.jpg,D:\CV_leaf_identification\leaf_hog_lbp_svm\data\raw\Flavia\1346.jpg,5,nanmu
1347,1347.jpg,D:\CV_leaf_identification\leaf_hog_lbp_svm\data\raw\Flavia\1347.jpg,5,nanmu
1348,1348.jpg,D:\CV_leaf_identification\leaf_hog_lbp_svm\data\raw\Flavia\1348.jpg,5,nanmu
1349,1349.jpg,D:\CV_leaf_identification\leaf_hog_lbp_svm\data\raw\Flavia\1349.jpg,5,nanmu
1350,1350.jpg,D:\CV_leaf_identification\leaf_hog_lbp_svm\data\raw\Flavia\1350.jpg,5,nanmu
1351,1351.jpg,D:\CV_leaf_identification\leaf_hog_lbp_svm\data\raw\Flavia\1351.jpg,5,nanmu
1352,1352.jpg,D:\CV_leaf_identification\leaf_hog_lbp_svm\data\raw\Flavia\1352.jpg,5,nanmu
1353,1353.jpg,D:\CV_leaf_identification\leaf_hog_lbp_svm\data\raw\Flavia\1353.jpg,5,nanmu
1354,1354.jpg,D:\CV_leaf_identification\leaf_hog_lbp_svm\data\raw\Flavia\1354.jpg,5,nanmu
1355,1355.jpg,D:\CV_leaf_identification\leaf_hog_lbp_svm\data\raw\Flavia\1355.jpg,5,nanmu
1356,1356.jpg,D:\CV_leaf_identification\leaf_hog_lbp_svm\data\raw\Flavia\1356.jpg,5,nanmu
1357,1357.jpg,D:\CV_leaf_identification\leaf_hog_lbp_svm\data\raw\Flavia\1357.jpg,5,nanmu
1358,1358.jpg,D:\CV_leaf_identification\leaf_hog_lbp_svm\data\raw\Flavia\1358.jpg,5,nanmu
1359,1359.jpg,D:\CV_leaf_identification\leaf_hog_lbp_svm\data\raw\Flavia\1359.jpg,5,nanmu
1360,1360.jpg,D:\CV_leaf_identification\leaf_hog_lbp_svm\data\raw\Flavia\1360.jpg,5,nanmu
1361,1361.jpg,D:\CV_leaf_identification\leaf_hog_lbp_svm\data\raw\Flavia\1361.jpg,5,nanmu
1362,1362.jpg,D:\CV_leaf_identification\leaf_hog_lbp_svm\data\raw\Flavia\1362.jpg,5,nanmu
1363,1363.jpg,D:\CV_leaf_identification\leaf_hog_lbp_svm\data\raw\Flavia\1363.jpg,5,nanmu
1364,1364.jpg,D:\CV_leaf_identification\leaf_hog_lbp_svm\data\raw\Flavia\1364.jpg,5,nanmu
1365,1365.jpg,D:\CV_leaf_identification\leaf_hog_lbp_svm\data\raw\Flavia\1365.jpg,5,nanmu
1366,1366.jpg,D:\CV_leaf_identification\leaf_hog_lbp_svm\data\raw\Flavia\1366.jpg,5,nanmu
1367,1367.jpg,D:\CV_leaf_identification\leaf_hog_lbp_svm\data\raw\Flavia\1367.jpg,5,nanmu
1368,1368.jpg,D:\CV_leaf_identification\leaf_hog_lbp_svm\data\raw\Flavia\1368.jpg,5,nanmu
1369,1369.jpg,D:\CV_leaf_identification\leaf_hog_lbp_svm\data\raw\Flavia\1369.jpg,5,nanmu
1370,1370.jpg,D:\CV_leaf_identification\leaf_hog_lbp_svm\data\raw\Flavia\1370.jpg,5,nanmu
1371,1371.jpg,D:\CV_leaf_identification\leaf_hog_lbp_svm\data\raw\Flavia\1371.jpg,5,nanmu
1372,1372.jpg,D:\CV_leaf_identification\leaf_hog_lbp_svm\data\raw\Flavia\1372.jpg,5,nanmu
1373,1373.jpg,D:\CV_leaf_identification\leaf_hog_lbp_svm\data\raw\Flavia\1373.jpg,5,nanmu
1374,1374.jpg,D:\CV_leaf_identification\leaf_hog_lbp_svm\data\raw\Flavia\1374.jpg,5,nanmu
1375,1375.jpg,D:\CV_leaf_identification\leaf_hog_lbp_svm\data\raw\Flavia\1375.jpg,5,nanmu
1376,1376.jpg,D:\CV_leaf_identification\leaf_hog_lbp_svm\data\raw\Flavia\1376.jpg,5,nanmu
1377,1377.jpg,D:\CV_leaf_identification\leaf_hog_lbp_svm\data\raw\Flavia\1377.jpg,5,nanmu
1378,1378.jpg,D:\CV_leaf_identification\leaf_hog_lbp_svm\data\raw\Flavia\1378.jpg,5,nanmu
1379,1379.jpg,D:\CV_leaf_identification\leaf_hog_lbp_svm\data\raw\Flavia\1379.jpg,5,nanmu
1380,1380.jpg,D:\CV_leaf_identification\leaf_hog_lbp_svm\data\raw\Flavia\1380.jpg,5,nanmu
1381,1381.jpg,D:\CV_leaf_identification\leaf_hog_lbp_svm\data\raw\Flavia\1381.jpg,5,nanmu
1382,1382.jpg,D:\CV_leaf_identification\leaf_hog_lbp_svm\data\raw\Flavia\1382.jpg,5,nanmu
1383,1383.jpg,D:\CV_leaf_identification\leaf_hog_lbp_svm\data\raw\Flavia\1383.jpg,5,nanmu
1384,1384.jpg,D:\CV_leaf_identification\leaf_hog_lbp_svm\data\raw\Flavia\1384.jpg,5,nanmu
1385,1385.jpg,D:\CV_leaf_identification\leaf_hog_lbp_svm\data\raw\Flavia\1385.jpg,5,nanmu
1386,1386.jpg,D:\CV_leaf_identification\leaf_hog_lbp_svm\data\raw\Flavia\1386.jpg,6,castor_aralia
1387,1387.jpg,D:\CV_leaf_identification\leaf_hog_lbp_svm\data\raw\Flavia\1387.jpg,6,castor_aralia
1388,1388.jpg,D:\CV_leaf_identification\leaf_hog_lbp_svm\data\raw\Flavia\1388.jpg,6,castor_aralia
1389,1389.jpg,D:\CV_leaf_identification\leaf_hog_lbp_svm\data\raw\Flavia\1389.jpg,6,castor_aralia
1390,1390.jpg,D:\CV_leaf_identification\leaf_hog_lbp_svm\data\raw\Flavia\1390.jpg,6,castor_aralia
1391,1391.jpg,D:\CV_leaf_identification\leaf_hog_lbp_svm\data\raw\Flavia\1391.jpg,6,castor_aralia
1392,1392.jpg,D:\CV_leaf_identification\leaf_hog_lbp_svm\data\raw\Flavia\1392.jpg,6,castor_aralia
1393,1393.jpg,D:\CV_leaf_identification\leaf_hog_lbp_svm\data\raw\Flavia\1393.jpg,6,castor_aralia
1394,1394.jpg,D:\CV_leaf_identification\leaf_hog_lbp_svm\data\raw\Flavia\1394.jpg,6,castor_aralia
1395,1395.jpg,D:\CV_leaf_identification\leaf_hog_lbp_svm\data\raw\Flavia\1395.jpg,6,castor_aralia
1396,1396.jpg,D:\CV_leaf_identification\leaf_hog_lbp_svm\data\raw\Flavia\1396.jpg,6,castor_aralia
1397,1397.jpg,D:\CV_leaf_identification\leaf_hog_lbp_svm\data\raw\Flavia\1397.jpg,6,castor_aralia
1398,1398.jpg,D:\CV_leaf_identification\leaf_hog_lbp_svm\data\raw\Flavia\1398.jpg,6,castor_aralia
1399,1399.jpg,D:\CV_leaf_identification\leaf_hog_lbp_svm\data\raw\Flavia\1399.jpg,6,castor_aralia
1400,1400.jpg,D:\CV_leaf_identification\leaf_hog_lbp_svm\data\raw\Flavia\1400.jpg,6,castor_aralia
1401,1401.jpg,D:\CV_leaf_identification\leaf_hog_lbp_svm\data\raw\Flavia\1401.jpg,6,castor_aralia
1402,1402.jpg,D:\CV_leaf_identification\leaf_hog_lbp_svm\data\raw\Flavia\1402.jpg,6,castor_aralia
1403,1403.jpg,D:\CV_leaf_identification\leaf_hog_lbp_svm\data\raw\Flavia\1403.jpg,6,castor_aralia
1404,1404.jpg,D:\CV_leaf_identification\leaf_hog_lbp_svm\data\raw\Flavia\1404.jpg,6,castor_aralia
1405,1405.jpg,D:\CV_leaf_identification\leaf_hog_lbp_svm\data\raw\Flavia\1405.jpg,6,castor_aralia
1406,1406.jpg,D:\CV_leaf_identification\leaf_hog_lbp_svm\data\raw\Flavia\1406.jpg,6,castor_aralia
1407,1407.jpg,D:\CV_leaf_identification\leaf_hog_lbp_svm\data\raw\Flavia\1407.jpg,6,castor_aralia
1408,1408.jpg,D:\CV_leaf_identification\leaf_hog_lbp_svm\data\raw\Flavia\1408.jpg,6,castor_aralia
1409,1409.jpg,D:\CV_leaf_identification\leaf_hog_lbp_svm\data\raw\Flavia\1409.jpg,6,castor_aralia
1410,1410.jpg,D:\CV_leaf_identification\leaf_hog_lbp_svm\data\raw\Flavia\1410.jpg,6,castor_aralia
1411,1411.jpg,D:\CV_leaf_identification\leaf_hog_lbp_svm\data\raw\Flavia\1411.jpg,6,castor_aralia
1412,1412.jpg,D:\CV_leaf_identification\leaf_hog_lbp_svm\data\raw\Flavia\1412.jpg,6,castor_aralia
1413,1413.jpg,D:\CV_leaf_identification\leaf_hog_lbp_svm\data\raw\Flavia\1413.jpg,6,castor_aralia
1414,1414.jpg,D:\CV_leaf_identification\leaf_hog_lbp_svm\data\raw\Flavia\1414.jpg,6,castor_aralia
1415,1415.jpg,D:\CV_leaf_identification\leaf_hog_lbp_svm\data\raw\Flavia\1415.jpg,6,castor_aralia
1416,1416.jpg,D:\CV_leaf_identification\leaf_hog_lbp_svm\data\raw\Flavia\1416.jpg,6,castor_aralia
1417,1417.jpg,D:\CV_leaf_identification\leaf_hog_lbp_svm\data\raw\Flavia\1417.jpg,6,castor_aralia
1418,1418.jpg,D:\CV_leaf_identification\leaf_hog_lbp_svm\data\raw\Flavia\1418.jpg,6,castor_aralia
1419,1419.jpg,D:\CV_leaf_identification\leaf_hog_lbp_svm\data\raw\Flavia\1419.jpg,6,castor_aralia
1420,1420.jpg,D:\CV_leaf_identification\leaf_hog_lbp_svm\data\raw\Flavia\1420.jpg,6,castor_aralia
1421,1421.jpg,D:\CV_leaf_identification\leaf_hog_lbp_svm\data\raw\Flavia\1421.jpg,6,castor_aralia
1422,1422.jpg,D:\CV_leaf_identification\leaf_hog_lbp_svm\data\raw\Flavia\1422.jpg,6,castor_aralia
1423,1423.jpg,D:\CV_leaf_identification\leaf_hog_lbp_svm\data\raw\Flavia\1423.jpg,6,castor_aralia
1424,1424.jpg,D:\CV_leaf_identification\leaf_hog_lbp_svm\data\raw\Flavia\1424.jpg,6,castor_aralia
1425,1425.jpg,D:\CV_leaf_identification\leaf_hog_lbp_svm\data\raw\Flavia\1425.jpg,6,castor_aralia
1426,1426.jpg,D:\CV_leaf_identification\leaf_hog_lbp_svm\data\raw\Flavia\1426.jpg,6,castor_aralia
1427,1427.jpg,D:\CV_leaf_identification\leaf_hog_lbp_svm\data\raw\Flavia\1427.jpg,6,castor_aralia
1428,1428.jpg,D:\CV_leaf_identification\leaf_hog_lbp_svm\data\raw\Flavia\1428.jpg,6,castor_aralia
1429,1429.jpg,D:\CV_leaf_identification\leaf_hog_lbp_svm\data\raw\Flavia\1429.jpg,6,castor_aralia
1430,1430.jpg,D:\CV_leaf_identification\leaf_hog_lbp_svm\data\raw\Flavia\1430.jpg,6,castor_aralia
1431,1431.jpg,D:\CV_leaf_identification\leaf_hog_lbp_svm\data\raw\Flavia\1431.jpg,6,castor_aralia
1432,1432.jpg,D:\CV_leaf_identification\leaf_hog_lbp_svm\data\raw\Flavia\1432.jpg,6,castor_aralia
1433,1433.jpg,D:\CV_leaf_identification\leaf_hog_lbp_svm\data\raw\Flavia\1433.jpg,6,castor_aralia
1434,1434.jpg,D:\CV_leaf_identification\leaf_hog_lbp_svm\data\raw\Flavia\1434.jpg,6,castor_aralia
1435,1435.jpg,D:\CV_leaf_identification\leaf_hog_lbp_svm\data\raw\Flavia\1435.jpg,6,castor_aralia
1436,1436.jpg,D:\CV_leaf_identification\leaf_hog_lbp_svm\data\raw\Flavia\1436.jpg,6,castor_aralia
1437,1437.jpg,D:\CV_leaf_identification\leaf_hog_lbp_svm\data\raw\Flavia\1437.jpg,6,castor_aralia
1438,1438.jpg,D:\CV_leaf_identification\leaf_hog_lbp_svm\data\raw\Flavia\1438.jpg,7,goldenrain_tree
1439,1439.jpg,D:\CV_leaf_identification\leaf_hog_lbp_svm\data\raw\Flavia\1439.jpg,7,goldenrain_tree
1440,1440.jpg,D:\CV_leaf_identification\leaf_hog_lbp_svm\data\raw\Flavia\1440.jpg,7,goldenrain_tree
1441,1441.jpg,D:\CV_leaf_identification\leaf_hog_lbp_svm\data\raw\Flavia\1441.jpg,7,goldenrain_tree
1442,1442.jpg,D:\CV_leaf_identification\leaf_hog_lbp_svm\data\raw\Flavia\1442.jpg,7,goldenrain_tree
1443,1443.jpg,D:\CV_leaf_identification\leaf_hog_lbp_svm\data\raw\Flavia\1443.jpg,7,goldenrain_tree
1444,1444.jpg,D:\CV_leaf_identification\leaf_hog_lbp_svm\data\raw\Flavia\1444.jpg,7,goldenrain_tree
1445,1445.jpg,D:\CV_leaf_identification\leaf_hog_lbp_svm\data\raw\Flavia\1445.jpg,7,goldenrain_tree
1446,1446.jpg,D:\CV_leaf_identification\leaf_hog_lbp_svm\data\raw\Flavia\1446.jpg,7,goldenrain_tree
1447,1447.jpg,D:\CV_leaf_identification\leaf_hog_lbp_svm\data\raw\Flavia\1447.jpg,7,goldenrain_tree
1448,1448.jpg,D:\CV_leaf_identification\leaf_hog_lbp_svm\data\raw\Flavia\1448.jpg,7,goldenrain_tree
1449,1449.jpg,D:\CV_leaf_identification\leaf_hog_lbp_svm\data\raw\Flavia\1449.jpg,7,goldenrain_tree
1450,1450.jpg,D:\CV_leaf_identification\leaf_hog_lbp_svm\data\raw\Flavia\1450.jpg,7,goldenrain_tree
1451,1451.jpg,D:\CV_leaf_identification\leaf_hog_lbp_svm\data\raw\Flavia\1451.jpg,7,goldenrain_tree
1452,1452.jpg,D:\CV_leaf_identification\leaf_hog_lbp_svm\data\raw\Flavia\1452.jpg,7,goldenrain_tree
1453,1453.jpg,D:\CV_leaf_identification\leaf_hog_lbp_svm\data\raw\Flavia\1453.jpg,7,goldenrain_tree
1454,1454.jpg,D:\CV_leaf_identification\leaf_hog_lbp_svm\data\raw\Flavia\1454.jpg,7,goldenrain_tree
1455,1455.jpg,D:\CV_leaf_identification\leaf_hog_lbp_svm\data\raw\Flavia\1455.jpg,7,goldenrain_tree
1456,1456.jpg,D:\CV_leaf_identification\leaf_hog_lbp_svm\data\raw\Flavia\1456.jpg,7,goldenrain_tree
1457,1457.jpg,D:\CV_leaf_identification\leaf_hog_lbp_svm\data\raw\Flavia\1457.jpg,7,goldenrain_tree
1458,1458.jpg,D:\CV_leaf_identification\leaf_hog_lbp_svm\data\raw\Flavia\1458.jpg,7,goldenrain_tree
1459,1459.jpg,D:\CV_leaf_identification\leaf_hog_lbp_svm\data\raw\Flavia\1459.jpg,7,goldenrain_tree
1460,1460.jpg,D:\CV_leaf_identification\leaf_hog_lbp_svm\data\raw\Flavia\1460.jpg,7,goldenrain_tree
1461,1461.jpg,D:\CV_leaf_identification\leaf_hog_lbp_svm\data\raw\Flavia\1461.jpg,7,goldenrain_tree
1462,1462.jpg,D:\CV_leaf_identification\leaf_hog_lbp_svm\data\raw\Flavia\1462.jpg,7,goldenrain_tree
1463,1463.jpg,D:\CV_leaf_identification\leaf_hog_lbp_svm\data\raw\Flavia\1463.jpg,7,goldenrain_tree
1464,1464.jpg,D:\CV_leaf_identification\leaf_hog_lbp_svm\data\raw\Flavia\1464.jpg,7,goldenrain_tree
1465,1465.jpg,D:\CV_leaf_identification\leaf_hog_lbp_svm\data\raw\Flavia\1465.jpg,7,goldenrain_tree
1466,1466.jpg,D:\CV_leaf_identification\leaf_hog_lbp_svm\data\raw\Flavia\1466.jpg,7,goldenrain_tree
1467,1467.jpg,D:\CV_leaf_identification\leaf_hog_lbp_svm\data\raw\Flavia\1467.jpg,7,goldenrain_tree
1468,1468.jpg,D:\CV_leaf_identification\leaf_hog_lbp_svm\data\raw\Flavia\1468.jpg,7,goldenrain_tree
1469,1469.jpg,D:\CV_leaf_identification\leaf_hog_lbp_svm\data\raw\Flavia\1469.jpg,7,goldenrain_tree
1470,1470.jpg,D:\CV_leaf_identification\leaf_hog_lbp_svm\data\raw\Flavia\1470.jpg,7,goldenrain_tree
1471,1471.jpg,D:\CV_leaf_identification\leaf_hog_lbp_svm\data\raw\Flavia\1471.jpg,7,goldenrain_tree
1472,1472.jpg,D:\CV_leaf_identification\leaf_hog_lbp_svm\data\raw\Flavia\1472.jpg,7,goldenrain_tree
1473,1473.jpg,D:\CV_leaf_identification\leaf_hog_lbp_svm\data\raw\Flavia\1473.jpg,7,goldenrain_tree
1474,1474.jpg,D:\CV_leaf_identification\leaf_hog_lbp_svm\data\raw\Flavia\1474.jpg,7,goldenrain_tree
1475,1475.jpg,D:\CV_leaf_identification\leaf_hog_lbp_svm\data\raw\Flavia\1475.jpg,7,goldenrain_tree
1476,1476.jpg,D:\CV_leaf_identification\leaf_hog_lbp_svm\data\raw\Flavia\1476.jpg,7,goldenrain_tree
1477,1477.jpg,D:\CV_leaf_identification\leaf_hog_lbp_svm\data\raw\Flavia\1477.jpg,7,goldenrain_tree
1478,1478.jpg,D:\CV_leaf_identification\leaf_hog_lbp_svm\data\raw\Flavia\1478.jpg,7,goldenrain_tree
1479,1479.jpg,D:\CV_leaf_identification\leaf_hog_lbp_svm\data\raw\Flavia\1479.jpg,7,goldenrain_tree
1480,1480.jpg,D:\CV_leaf_identification\leaf_hog_lbp_svm\data\raw\Flavia\1480.jpg,7,goldenrain_tree
1481,1481.jpg,D:\CV_leaf_identification\leaf_hog_lbp_svm\data\raw\Flavia\1481.jpg,7,goldenrain_tree
1482,1482.jpg,D:\CV_leaf_identification\leaf_hog_lbp_svm\data\raw\Flavia\1482.jpg,7,goldenrain_tree
1483,1483.jpg,D:\CV_leaf_identification\leaf_hog_lbp_svm\data\raw\Flavia\1483.jpg,7,goldenrain_tree
1484,1484.jpg,D:\CV_leaf_identification\leaf_hog_lbp_svm\data\raw\Flavia\1484.jpg,7,goldenrain_tree
1485,1485.jpg,D:\CV_leaf_identification\leaf_hog_lbp_svm\data\raw\Flavia\1485.jpg,7,goldenrain_tree
1486,1486.jpg,D:\CV_leaf_identification\leaf_hog_lbp_svm\data\raw\Flavia\1486.jpg,7,goldenrain_tree
1487,1487.jpg,D:\CV_leaf_identification\leaf_hog_lbp_svm\data\raw\Flavia\1487.jpg,7,goldenrain_tree
1488,1488.jpg,D:\CV_leaf_identification\leaf_hog_lbp_svm\data\raw\Flavia\1488.jpg,7,goldenrain_tree
1489,1489.jpg,D:\CV_leaf_identification\leaf_hog_lbp_svm\data\raw\Flavia\1489.jpg,7,goldenrain_tree
1490,1490.jpg,D:\CV_leaf_identification\leaf_hog_lbp_svm\data\raw\Flavia\1490.jpg,7,goldenrain_tree
1491,1491.jpg,D:\CV_leaf_identification\leaf_hog_lbp_svm\data\raw\Flavia\1491.jpg,7,goldenrain_tree
1492,1492.jpg,D:\CV_leaf_identification\leaf_hog_lbp_svm\data\raw\Flavia\1492.jpg,7,goldenrain_tree
1493,1493.jpg,D:\CV_leaf_identification\leaf_hog_lbp_svm\data\raw\Flavia\1493.jpg,7,goldenrain_tree
1494,1494.jpg,D:\CV_leaf_identification\leaf_hog_lbp_svm\data\raw\Flavia\1494.jpg,7,goldenrain_tree
1495,1495.jpg,D:\CV_leaf_identification\leaf_hog_lbp_svm\data\raw\Flavia\1495.jpg,7,goldenrain_tree
1496,1496.jpg,D:\CV_leaf_identification\leaf_hog_lbp_svm\data\raw\Flavia\1496.jpg,7,goldenrain_tree
1497,1497.jpg,D:\CV_leaf_identification\leaf_hog_lbp_svm\data\raw\Flavia\1497.jpg,8,chinese_cinnamon
1498,1498.jpg,D:\CV_leaf_identification\leaf_hog_lbp_svm\data\raw\Flavia\1498.jpg,8,chinese_cinnamon
1499,1499.jpg,D:\CV_leaf_identification\leaf_hog_lbp_svm\data\raw\Flavia\1499.jpg,8,chinese_cinnamon
1500,1500.jpg,D:\CV_leaf_identification\leaf_hog_lbp_svm\data\raw\Flavia\1500.jpg,8,chinese_cinnamon
1501,1501.jpg,D:\CV_leaf_identification\leaf_hog_lbp_svm\data\raw\Flavia\1501.jpg,8,chinese_cinnamon
1502,1502.jpg,D:\CV_leaf_identification\leaf_hog_lbp_svm\data\raw\Flavia\1502.jpg,8,chinese_cinnamon
1503,1503.jpg,D:\CV_leaf_identification\leaf_hog_lbp_svm\data\raw\Flavia\1503.jpg,8,chinese_cinnamon
1504,1504.jpg,D:\CV_leaf_identification\leaf_hog_lbp_svm\data\raw\Flavia\1504.jpg,8,chinese_cinnamon
1505,1505.jpg,D:\CV_leaf_identification\leaf_hog_lbp_svm\data\raw\Flavia\1505.jpg,8,chinese_cinnamon
1506,1506.jpg,D:\CV_leaf_identification\leaf_hog_lbp_svm\data\raw\Flavia\1506.jpg,8,chinese_cinnamon
1507,1507.jpg,D:\CV_leaf_identification\leaf_hog_lbp_svm\data\raw\Flavia\1507.jpg,8,chinese_cinnamon
1508,1508.jpg,D:\CV_leaf_identification\leaf_hog_lbp_svm\data\raw\Flavia\1508.jpg,8,chinese_cinnamon
1509,1509.jpg,D:\CV_leaf_identification\leaf_hog_lbp_svm\data\raw\Flavia\1509.jpg,8,chinese_cinnamon
1510,1510.jpg,D:\CV_leaf_identification\leaf_hog_lbp_svm\data\raw\Flavia\1510.jpg,8,chinese_cinnamon
1511,1511.jpg,D:\CV_leaf_identification\leaf_hog_lbp_svm\data\raw\Flavia\1511.jpg,8,chinese_cinnamon
1512,1512.jpg,D:\CV_leaf_identification\leaf_hog_lbp_svm\data\raw\Flavia\1512.jpg,8,chinese_cinnamon
1513,1513.jpg,D:\CV_leaf_identification\leaf_hog_lbp_svm\data\raw\Flavia\1513.jpg,8,chinese_cinnamon
1514,1514.jpg,D:\CV_leaf_identification\leaf_hog_lbp_svm\data\raw\Flavia\1514.jpg,8,chinese_cinnamon
1515,1515.jpg,D:\CV_leaf_identification\leaf_hog_lbp_svm\data\raw\Flavia\1515.jpg,8,chinese_cinnamon
1516,1516.jpg,D:\CV_leaf_identification\leaf_hog_lbp_svm\data\raw\Flavia\1516.jpg,8,chinese_cinnamon
1517,1517.jpg,D:\CV_leaf_identification\leaf_hog_lbp_svm\data\raw\Flavia\1517.jpg,8,chinese_cinnamon
1518,1518.jpg,D:\CV_leaf_identification\leaf_hog_lbp_svm\data\raw\Flavia\1518.jpg,8,chinese_cinnamon
1519,1519.jpg,D:\CV_leaf_identification\leaf_hog_lbp_svm\data\raw\Flavia\1519.jpg,8,chinese_cinnamon
1520,1520.jpg,D:\CV_leaf_identification\leaf_hog_lbp_svm\data\raw\Flavia\1520.jpg,8,chinese_cinnamon
1521,1521.jpg,D:\CV_leaf_identification\leaf_hog_lbp_svm\data\raw\Flavia\1521.jpg,8,chinese_cinnamon
1522,1522.jpg,D:\CV_leaf_identification\leaf_hog_lbp_svm\data\raw\Flavia\1522.jpg,8,chinese_cinnamon
1523,1523.jpg,D:\CV_leaf_identification\leaf_hog_lbp_svm\data\raw\Flavia\1523.jpg,8,chinese_cinnamon
1524,1524.jpg,D:\CV_leaf_identification\leaf_hog_lbp_svm\data\raw\Flavia\1524.jpg,8,chinese_cinnamon
1525,1525.jpg,D:\CV_leaf_identification\leaf_hog_lbp_svm\data\raw\Flavia\1525.jpg,8,chinese_cinnamon
1526,1526.jpg,D:\CV_leaf_identification\leaf_hog_lbp_svm\data\raw\Flavia\1526.jpg,8,chinese_cinnamon
1527,1527.jpg,D:\CV_leaf_identification\leaf_hog_lbp_svm\data\raw\Flavia\1527.jpg,8,chinese_cinnamon
1528,1528.jpg,D:\CV_leaf_identification\leaf_hog_lbp_svm\data\raw\Flavia\1528.jpg,8,chinese_cinnamon
1529,1529.jpg,D:\CV_leaf_identification\leaf_hog_lbp_svm\data\raw\Flavia\1529.jpg,8,chinese_cinnamon
1530,1530.jpg,D:\CV_leaf_identification\leaf_hog_lbp_svm\data\raw\Flavia\1530.jpg,8,chinese_cinnamon
1531,1531.jpg,D:\CV_leaf_identification\leaf_hog_lbp_svm\data\raw\Flavia\1531.jpg,8,chinese_cinnamon
1532,1532.jpg,D:\CV_leaf_identification\leaf_hog_lbp_svm\data\raw\Flavia\1532.jpg,8,chinese_cinnamon
1533,1533.jpg,D:\CV_leaf_identification\leaf_hog_lbp_svm\data\raw\Flavia\1533.jpg,8,chinese_cinnamon
1534,1534.jpg,D:\CV_leaf_identification\leaf_hog_lbp_svm\data\raw\Flavia\1534.jpg,8,chinese_cinnamon
1535,1535.jpg,D:\CV_leaf_identification\leaf_hog_lbp_svm\data\raw\Flavia\1535.jpg,8,chinese_cinnamon
1536,1536.jpg,D:\CV_leaf_identification\leaf_hog_lbp_svm\data\raw\Flavia\1536.jpg,8,chinese_cinnamon
1537,1537.jpg,D:\CV_leaf_identification\leaf_hog_lbp_svm\data\raw\Flavia\1537.jpg,8,chinese_cinnamon
1538,1538.jpg,D:\CV_leaf_identification\leaf_hog_lbp_svm\data\raw\Flavia\1538.jpg,8,chinese_cinnamon
1539,1539.jpg,D:\CV_leaf_identification\leaf_hog_lbp_svm\data\raw\Flavia\1539.jpg,8,chinese_cinnamon
1540,1540.jpg,D:\CV_leaf_identification\leaf_hog_lbp_svm\data\raw\Flavia\1540.jpg,8,chinese_cinnamon
1541,1541.jpg,D:\CV_leaf_identification\leaf_hog_lbp_svm\data\raw\Flavia\1541.jpg,8,chinese_cinnamon
1542,1542.jpg,D:\CV_leaf_identification\leaf_hog_lbp_svm\data\raw\Flavia\1542.jpg,8,chinese_cinnamon
1543,1543.jpg,D:\CV_leaf_identification\leaf_hog_lbp_svm\data\raw\Flavia\1543.jpg,8,chinese_cinnamon
1544,1544.jpg,D:\CV_leaf_identification\leaf_hog_lbp_svm\data\raw\Flavia\1544.jpg,8,chinese_cinnamon
1545,1545.jpg,D:\CV_leaf_identification\leaf_hog_lbp_svm\data\raw\Flavia\1545.jpg,8,chinese_cinnamon
1546,1546.jpg,D:\CV_leaf_identification\leaf_hog_lbp_svm\data\raw\Flavia\1546.jpg,8,chinese_cinnamon
1547,1547.jpg,D:\CV_leaf_identification\leaf_hog_lbp_svm\data\raw\Flavia\1547.jpg,8,chinese_cinnamon
1548,1548.jpg,D:\CV_leaf_identification\leaf_hog_lbp_svm\data\raw\Flavia\1548.jpg,8,chinese_cinnamon
1549,1549.jpg,D:\CV_leaf_identification\leaf_hog_lbp_svm\data\raw\Flavia\1549.jpg,8,chinese_cinnamon
1550,1550.jpg,D:\CV_leaf_identification\leaf_hog_lbp_svm\data\raw\Flavia\1550.jpg,8,chinese_cinnamon
1551,1551.jpg,D:\CV_leaf_identification\leaf_hog_lbp_svm\data\raw\Flavia\1551.jpg,8,chinese_cinnamon
1552,1552.jpg,D:\CV_leaf_identification\leaf_hog_lbp_svm\data\raw\Flavia\1552.jpg,9,anhui_barberry
1553,1553.jpg,D:\CV_leaf_identification\leaf_hog_lbp_svm\data\raw\Flavia\1553.jpg,9,anhui_barberry
1554,1554.jpg,D:\CV_leaf_identification\leaf_hog_lbp_svm\data\raw\Flavia\1554.jpg,9,anhui_barberry
1555,1555.jpg,D:\CV_leaf_identification\leaf_hog_lbp_svm\data\raw\Flavia\1555.jpg,9,anhui_barberry
1556,1556.jpg,D:\CV_leaf_identification\leaf_hog_lbp_svm\data\raw\Flavia\1556.jpg,9,anhui_barberry
1557,1557.jpg,D:\CV_leaf_identification\leaf_hog_lbp_svm\data\raw\Flavia\1557.jpg,9,anhui_barberry
1558,1558.jpg,D:\CV_leaf_identification\leaf_hog_lbp_svm\data\raw\Flavia\1558.jpg,9,anhui_barberry
1559,1559.jpg,D:\CV_leaf_identification\leaf_hog_lbp_svm\data\raw\Flavia\1559.jpg,9,anhui_barberry
1560,1560.jpg,D:\CV_leaf_identification\leaf_hog_lbp_svm\data\raw\Flavia\1560.jpg,9,anhui_barberry
1561,1561.jpg,D:\CV_leaf_identification\leaf_hog_lbp_svm\data\raw\Flavia\1561.jpg,9,anhui_barberry
1562,1562.jpg,D:\CV_leaf_identification\leaf_hog_lbp_svm\data\raw\Flavia\1562.jpg,9,anhui_barberry
1563,1563.jpg,D:\CV_leaf_identification\leaf_hog_lbp_svm\data\raw\Flavia\1563.jpg,9,anhui_barberry
1564,1564.jpg,D:\CV_leaf_identification\leaf_hog_lbp_svm\data\raw\Flavia\1564.jpg,9,anhui_barberry
1565,1565.jpg,D:\CV_leaf_identification\leaf_hog_lbp_svm\data\raw\Flavia\1565.jpg,9,anhui_barberry
1566,1566.jpg,D:\CV_leaf_identification\leaf_hog_lbp_svm\data\raw\Flavia\1566.jpg,9,anhui_barberry
1567,1567.jpg,D:\CV_leaf_identification\leaf_hog_lbp_svm\data\raw\Flavia\1567.jpg,9,anhui_barberry
1568,1568.jpg,D:\CV_leaf_identification\leaf_hog_lbp_svm\data\raw\Flavia\1568.jpg,9,anhui_barberry
1569,1569.jpg,D:\CV_leaf_identification\leaf_hog_lbp_svm\data\raw\Flavia\1569.jpg,9,anhui_barberry
1570,1570.jpg,D:\CV_leaf_identification\leaf_hog_lbp_svm\data\raw\Flavia\1570.jpg,9,anhui_barberry
1571,1571.jpg,D:\CV_leaf_identification\leaf_hog_lbp_svm\data\raw\Flavia\1571.jpg,9,anhui_barberry
1572,1572.jpg,D:\CV_leaf_identification\leaf_hog_lbp_svm\data\raw\Flavia\1572.jpg,9,anhui_barberry
1573,1573.jpg,D:\CV_leaf_identification\leaf_hog_lbp_svm\data\raw\Flavia\1573.jpg,9,anhui_barberry
1574,1574.jpg,D:\CV_leaf_identification\leaf_hog_lbp_svm\data\raw\Flavia\1574.jpg,9,anhui_barberry
1575,1575.jpg,D:\CV_leaf_identification\leaf_hog_lbp_svm\data\raw\Flavia\1575.jpg,9,anhui_barberry
1576,1576.jpg,D:\CV_leaf_identification\leaf_hog_lbp_svm\data\raw\Flavia\1576.jpg,9,anhui_barberry
1577,1577.jpg,D:\CV_leaf_identification\leaf_hog_lbp_svm\data\raw\Flavia\1577.jpg,9,anhui_barberry
1578,1578.jpg,D:\CV_leaf_identification\leaf_hog_lbp_svm\data\raw\Flavia\1578.jpg,9,anhui_barberry
1579,1579.jpg,D:\CV_leaf_identification\leaf_hog_lbp_svm\data\raw\Flavia\1579.jpg,9,anhui_barberry
1580,1580.jpg,D:\CV_leaf_identification\leaf_hog_lbp_svm\data\raw\Flavia\1580.jpg,9,anhui_barberry
1581,1581.jpg,D:\CV_leaf_identification\leaf_hog_lbp_svm\data\raw\Flavia\1581.jpg,9,anhui_barberry
1582,1582.jpg,D:\CV_leaf_identification\leaf_hog_lbp_svm\data\raw\Flavia\1582.jpg,9,anhui_barberry
1583,1583.jpg,D:\CV_leaf_identification\leaf_hog_lbp_svm\data\raw\Flavia\1583.jpg,9,anhui_barberry
1584,1584.jpg,D:\CV_leaf_identification\leaf_hog_lbp_svm\data\raw\Flavia\1584.jpg,9,anhui_barberry
1585,1585.jpg,D:\CV_leaf_identification\leaf_hog_lbp_svm\data\raw\Flavia\1585.jpg,9,anhui_barberry
1586,1586.jpg,D:\CV_leaf_identification\leaf_hog_lbp_svm\data\raw\Flavia\1586.jpg,9,anhui_barberry
1587,1587.jpg,D:\CV_leaf_identification\leaf_hog_lbp_svm\data\raw\Flavia\1587.jpg,9,anhui_barberry
1588,1588.jpg,D:\CV_leaf_identification\leaf_hog_lbp_svm\data\raw\Flavia\1588.jpg,9,anhui_barberry
1589,1589.jpg,D:\CV_leaf_identification\leaf_hog_lbp_svm\data\raw\Flavia\1589.jpg,9,anhui_barberry
1590,1590.jpg,D:\CV_leaf_identification\leaf_hog_lbp_svm\data\raw\Flavia\1590.jpg,9,anhui_barberry
1591,1591.jpg,D:\CV_leaf_identification\leaf_hog_lbp_svm\data\raw\Flavia\1591.jpg,9,anhui_barberry
1592,1592.jpg,D:\CV_leaf_identification\leaf_hog_lbp_svm\data\raw\Flavia\1592.jpg,9,anhui_barberry
1593,1593.jpg,D:\CV_leaf_identification\leaf_hog_lbp_svm\data\raw\Flavia\1593.jpg,9,anhui_barberry
1594,1594.jpg,D:\CV_leaf_identification\leaf_hog_lbp_svm\data\raw\Flavia\1594.jpg,9,anhui_barberry
1595,1595.jpg,D:\CV_leaf_identification\leaf_hog_lbp_svm\data\raw\Flavia\1595.jpg,9,anhui_barberry
1596,1596.jpg,D:\CV_leaf_identification\leaf_hog_lbp_svm\data\raw\Flavia\1596.jpg,9,anhui_barberry
1597,1597.jpg,D:\CV_leaf_identification\leaf_hog_lbp_svm\data\raw\Flavia\1597.jpg,9,anhui_barberry
1598,1598.jpg,D:\CV_leaf_identification\leaf_hog_lbp_svm\data\raw\Flavia\1598.jpg,9,anhui_barberry
1599,1599.jpg,D:\CV_leaf_identification\leaf_hog_lbp_svm\data\raw\Flavia\1599.jpg,9,anhui_barberry
1600,1600.jpg,D:\CV_leaf_identification\leaf_hog_lbp_svm\data\raw\Flavia\1600.jpg,9,anhui_barberry
1601,1601.jpg,D:\CV_leaf_identification\leaf_hog_lbp_svm\data\raw\Flavia\1601.jpg,9,anhui_barberry
1602,1602.jpg,D:\CV_leaf_identification\leaf_hog_lbp_svm\data\raw\Flavia\1602.jpg,9,anhui_barberry
1603,1603.jpg,D:\CV_leaf_identification\leaf_hog_lbp_svm\data\raw\Flavia\1603.jpg,9,anhui_barberry
1604,1604.jpg,D:\CV_leaf_identification\leaf_hog_lbp_svm\data\raw\Flavia\1604.jpg,9,anhui_barberry
1605,1605.jpg,D:\CV_leaf_identification\leaf_hog_lbp_svm\data\raw\Flavia\1605.jpg,9,anhui_barberry
1606,1606.jpg,D:\CV_leaf_identification\leaf_hog_lbp_svm\data\raw\Flavia\1606.jpg,9,anhui_barberry
1607,1607.jpg,D:\CV_leaf_identification\leaf_hog_lbp_svm\data\raw\Flavia\1607.jpg,9,anhui_barberry
1608,1608.jpg,D:\CV_leaf_identification\leaf_hog_lbp_svm\data\raw\Flavia\1608.jpg,9,anhui_barberry
1609,1609.jpg,D:\CV_leaf_identification\leaf_hog_lbp_svm\data\raw\Flavia\1609.jpg,9,anhui_barberry
1610,1610.jpg,D:\CV_leaf_identification\leaf_hog_lbp_svm\data\raw\Flavia\1610.jpg,9,anhui_barberry
1611,1611.jpg,D:\CV_leaf_identification\leaf_hog_lbp_svm\data\raw\Flavia\1611.jpg,9,anhui_barberry
1612,1612.jpg,D:\CV_leaf_identification\leaf_hog_lbp_svm\data\raw\Flavia\1612.jpg,9,anhui_barberry
1613,1613.jpg,D:\CV_leaf_identification\leaf_hog_lbp_svm\data\raw\Flavia\1613.jpg,9,anhui_barberry
1614,1614.jpg,D:\CV_leaf_identification\leaf_hog_lbp_svm\data\raw\Flavia\1614.jpg,9,anhui_barberry
1615,1615.jpg,D:\CV_leaf_identification\leaf_hog_lbp_svm\data\raw\Flavia\1615.jpg,9,anhui_barberry
1616,1616.jpg,D:\CV_leaf_identification\leaf_hog_lbp_svm\data\raw\Flavia\1616.jpg,9,anhui_barberry
2001,2001.jpg,D:\CV_leaf_identification\leaf_hog_lbp_svm\data\raw\Flavia\2001.jpg,10,big_fruited_holly
2002,2002.jpg,D:\CV_leaf_identification\leaf_hog_lbp_svm\data\raw\Flavia\2002.jpg,10,big_fruited_holly
2003,2003.jpg,D:\CV_leaf_identification\leaf_hog_lbp_svm\data\raw\Flavia\2003.jpg,10,big_fruited_holly
2004,2004.jpg,D:\CV_leaf_identification\leaf_hog_lbp_svm\data\raw\Flavia\2004.jpg,10,big_fruited_holly
2005,2005.jpg,D:\CV_leaf_identification\leaf_hog_lbp_svm\data\raw\Flavia\2005.jpg,10,big_fruited_holly
2006,2006.jpg,D:\CV_leaf_identification\leaf_hog_lbp_svm\data\raw\Flavia\2006.jpg,10,big_fruited_holly
2007,2007.jpg,D:\CV_leaf_identification\leaf_hog_lbp_svm\data\raw\Flavia\2007.jpg,10,big_fruited_holly
2008,2008.jpg,D:\CV_leaf_identification\leaf_hog_lbp_svm\data\raw\Flavia\2008.jpg,10,big_fruited_holly
2009,2009.jpg,D:\CV_leaf_identification\leaf_hog_lbp_svm\data\raw\Flavia\2009.jpg,10,big_fruited_holly
2010,2010.jpg,D:\CV_leaf_identification\leaf_hog_lbp_svm\data\raw\Flavia\2010.jpg,10,big_fruited_holly
2011,2011.jpg,D:\CV_leaf_identification\leaf_hog_lbp_svm\data\raw\Flavia\2011.jpg,10,big_fruited_holly
2012,2012.jpg,D:\CV_leaf_identification\leaf_hog_lbp_svm\data\raw\Flavia\2012.jpg,10,big_fruited_holly
2013,2013.jpg,D:\CV_leaf_identification\leaf_hog_lbp_svm\data\raw\Flavia\2013.jpg,10,big_fruited_holly
2014,2014.jpg,D:\CV_leaf_identification\leaf_hog_lbp_svm\data\raw\Flavia\2014.jpg,10,big_fruited_holly
2015,2015.jpg,D:\CV_leaf_identification\leaf_hog_lbp_svm\data\raw\Flavia\2015.jpg,10,big_fruited_holly
2016,2016.jpg,D:\CV_leaf_identification\leaf_hog_lbp_svm\data\raw\Flavia\2016.jpg,10,big_fruited_holly
2017,2017.jpg,D:\CV_leaf_identification\leaf_hog_lbp_svm\data\raw\Flavia\2017.jpg,10,big_fruited_holly
2018,2018.jpg,D:\CV_leaf_identification\leaf_hog_lbp_svm\data\raw\Flavia\2018.jpg,10,big_fruited_holly
2019,2019.jpg,D:\CV_leaf_identification\leaf_hog_lbp_svm\data\raw\Flavia\2019.jpg,10,big_fruited_holly
2020,2020.jpg,D:\CV_leaf_identification\leaf_hog_lbp_svm\data\raw\Flavia\2020.jpg,10,big_fruited_holly
2021,2021.jpg,D:\CV_leaf_identification\leaf_hog_lbp_svm\data\raw\Flavia\2021.jpg,10,big_fruited_holly
2022,2022.jpg,D:\CV_leaf_identification\leaf_hog_lbp_svm\data\raw\Flavia\2022.jpg,10,big_fruited_holly
2023,2023.jpg,D:\CV_leaf_identification\leaf_hog_lbp_svm\data\raw\Flavia\2023.jpg,10,big_fruited_holly
2024,2024.jpg,D:\CV_leaf_identification\leaf_hog_lbp_svm\data\raw\Flavia\2024.jpg,10,big_fruited_holly
2025,2025.jpg,D:\CV_leaf_identification\leaf_hog_lbp_svm\data\raw\Flavia\2025.jpg,10,big_fruited_holly
2026,2026.jpg,D:\CV_leaf_identification\leaf_hog_lbp_svm\data\raw\Flavia\2026.jpg,10,big_fruited_holly
2027,2027.jpg,D:\CV_leaf_identification\leaf_hog_lbp_svm\data\raw\Flavia\2027.jpg,10,big_fruited_holly
2028,2028.jpg,D:\CV_leaf_identification\leaf_hog_lbp_svm\data\raw\Flavia\2028.jpg,10,big_fruited_holly
2029,2029.jpg,D:\CV_leaf_identification\leaf_hog_lbp_svm\data\raw\Flavia\2029.jpg,10,big_fruited_holly
2030,2030.jpg,D:\CV_leaf_identification\leaf_hog_lbp_svm\data\raw\Flavia\2030.jpg,10,big_fruited_holly
2031,2031.jpg,D:\CV_leaf_identification\leaf_hog_lbp_svm\data\raw\Flavia\2031.jpg,10,big_fruited_holly
2032,2032.jpg,D:\CV_leaf_identification\leaf_hog_lbp_svm\data\raw\Flavia\2032.jpg,10,big_fruited_holly
2033,2033.jpg,D:\CV_leaf_identification\leaf_hog_lbp_svm\data\raw\Flavia\2033.jpg,10,big_fruited_holly
2034,2034.jpg,D:\CV_leaf_identification\leaf_hog_lbp_svm\data\raw\Flavia\2034.jpg,10,big_fruited_holly
2035,2035.jpg,D:\CV_leaf_identification\leaf_hog_lbp_svm\data\raw\Flavia\2035.jpg,10,big_fruited_holly
2036,2036.jpg,D:\CV_leaf_identification\leaf_hog_lbp_svm\data\raw\Flavia\2036.jpg,10,big_fruited_holly
2037,2037.jpg,D:\CV_leaf_identification\leaf_hog_lbp_svm\data\raw\Flavia\2037.jpg,10,big_fruited_holly
2038,2038.jpg,D:\CV_leaf_identification\leaf_hog_lbp_svm\data\raw\Flavia\2038.jpg,10,big_fruited_holly
2039,2039.jpg,D:\CV_leaf_identification\leaf_hog_lbp_svm\data\raw\Flavia\2039.jpg,10,big_fruited_holly
2040,2040.jpg,D:\CV_leaf_identification\leaf_hog_lbp_svm\data\raw\Flavia\2040.jpg,10,big_fruited_holly
2041,2041.jpg,D:\CV_leaf_identification\leaf_hog_lbp_svm\data\raw\Flavia\2041.jpg,10,big_fruited_holly
2042,2042.jpg,D:\CV_leaf_identification\leaf_hog_lbp_svm\data\raw\Flavia\2042.jpg,10,big_fruited_holly
2043,2043.jpg,D:\CV_leaf_identification\leaf_hog_lbp_svm\data\raw\Flavia\2043.jpg,10,big_fruited_holly
2044,2044.jpg,D:\CV_leaf_identification\leaf_hog_lbp_svm\data\raw\Flavia\2044.jpg,10,big_fruited_holly
2045,2045.jpg,D:\CV_leaf_identification\leaf_hog_lbp_svm\data\raw\Flavia\2045.jpg,10,big_fruited_holly
2046,2046.jpg,D:\CV_leaf_identification\leaf_hog_lbp_svm\data\raw\Flavia\2046.jpg,10,big_fruited_holly
2047,2047.jpg,D:\CV_leaf_identification\leaf_hog_lbp_svm\data\raw\Flavia\2047.jpg,10,big_fruited_holly
2048,2048.jpg,D:\CV_leaf_identification\leaf_hog_lbp_svm\data\raw\Flavia\2048.jpg,10,big_fruited_holly
2049,2049.jpg,D:\CV_leaf_identification\leaf_hog_lbp_svm\data\raw\Flavia\2049.jpg,10,big_fruited_holly
2050,2050.jpg,D:\CV_leaf_identification\leaf_hog_lbp_svm\data\raw\Flavia\2050.jpg,10,big_fruited_holly
2051,2051.jpg,D:\CV_leaf_identification\leaf_hog_lbp_svm\data\raw\Flavia\2051.jpg,11,japanese_cheesewood
2052,2052.jpg,D:\CV_leaf_identification\leaf_hog_lbp_svm\data\raw\Flavia\2052.jpg,11,japanese_cheesewood
2053,2053.jpg,D:\CV_leaf_identification\leaf_hog_lbp_svm\data\raw\Flavia\2053.jpg,11,japanese_cheesewood
2054,2054.jpg,D:\CV_leaf_identification\leaf_hog_lbp_svm\data\raw\Flavia\2054.jpg,11,japanese_cheesewood
2055,2055.jpg,D:\CV_leaf_identification\leaf_hog_lbp_svm\data\raw\Flavia\2055.jpg,11,japanese_cheesewood
2056,2056.jpg,D:\CV_leaf_identification\leaf_hog_lbp_svm\data\raw\Flavia\2056.jpg,11,japanese_cheesewood
2057,2057.jpg,D:\CV_leaf_identification\leaf_hog_lbp_svm\data\raw\Flavia\2057.jpg,11,japanese_cheesewood
2058,2058.jpg,D:\CV_leaf_identification\leaf_hog_lbp_svm\data\raw\Flavia\2058.jpg,11,japanese_cheesewood
2059,2059.jpg,D:\CV_leaf_identification\leaf_hog_lbp_svm\data\raw\Flavia\2059.jpg,11,japanese_cheesewood
2060,2060.jpg,D:\CV_leaf_identification\leaf_hog_lbp_svm\data\raw\Flavia\2060.jpg,11,japanese_cheesewood
2061,2061.jpg,D:\CV_leaf_identification\leaf_hog_lbp_svm\data\raw\Flavia\2061.jpg,11,japanese_cheesewood
2062,2062.jpg,D:\CV_leaf_identification\leaf_hog_lbp_svm\data\raw\Flavia\2062.jpg,11,japanese_cheesewood
2063,2063.jpg,D:\CV_leaf_identification\leaf_hog_lbp_svm\data\raw\Flavia\2063.jpg,11,japanese_cheesewood
2064,2064.jpg,D:\CV_leaf_identification\leaf_hog_lbp_svm\data\raw\Flavia\2064.jpg,11,japanese_cheesewood
2065,2065.jpg,D:\CV_leaf_identification\leaf_hog_lbp_svm\data\raw\Flavia\2065.jpg,11,japanese_cheesewood
2066,2066.jpg,D:\CV_leaf_identification\leaf_hog_lbp_svm\data\raw\Flavia\2066.jpg,11,japanese_cheesewood
2067,2067.jpg,D:\CV_leaf_identification\leaf_hog_lbp_svm\data\raw\Flavia\2067.jpg,11,japanese_cheesewood
2068,2068.jpg,D:\CV_leaf_identification\leaf_hog_lbp_svm\data\raw\Flavia\2068.jpg,11,japanese_cheesewood
2069,2069.jpg,D:\CV_leaf_identification\leaf_hog_lbp_svm\data\raw\Flavia\2069.jpg,11,japanese_cheesewood
2070,2070.jpg,D:\CV_leaf_identification\leaf_hog_lbp_svm\data\raw\Flavia\2070.jpg,11,japanese_cheesewood
2071,2071.jpg,D:\CV_leaf_identification\leaf_hog_lbp_svm\data\raw\Flavia\2071.jpg,11,japanese_cheesewood
2072,2072.jpg,D:\CV_leaf_identification\leaf_hog_lbp_svm\data\raw\Flavia\2072.jpg,11,japanese_cheesewood
2073,2073.jpg,D:\CV_leaf_identification\leaf_hog_lbp_svm\data\raw\Flavia\2073.jpg,11,japanese_cheesewood
2074,2074.jpg,D:\CV_leaf_identification\leaf_hog_lbp_svm\data\raw\Flavia\2074.jpg,11,japanese_cheesewood
2075,2075.jpg,D:\CV_leaf_identification\leaf_hog_lbp_svm\data\raw\Flavia\2075.jpg,11,japanese_cheesewood
2076,2076.jpg,D:\CV_leaf_identification\leaf_hog_lbp_svm\data\raw\Flavia\2076.jpg,11,japanese_cheesewood
2077,2077.jpg,D:\CV_leaf_identification\leaf_hog_lbp_svm\data\raw\Flavia\2077.jpg,11,japanese_cheesewood
2078,2078.jpg,D:\CV_leaf_identification\leaf_hog_lbp_svm\data\raw\Flavia\2078.jpg,11,japanese_cheesewood
2079,2079.jpg,D:\CV_leaf_identification\leaf_hog_lbp_svm\data\raw\Flavia\2079.jpg,11,japanese_cheesewood
2080,2080.jpg,D:\CV_leaf_identification\leaf_hog_lbp_svm\data\raw\Flavia\2080.jpg,11,japanese_cheesewood
2081,2081.jpg,D:\CV_leaf_identification\leaf_hog_lbp_svm\data\raw\Flavia\2081.jpg,11,japanese_cheesewood
2082,2082.jpg,D:\CV_leaf_identification\leaf_hog_lbp_svm\data\raw\Flavia\2082.jpg,11,japanese_cheesewood
2083,2083.jpg,D:\CV_leaf_identification\leaf_hog_lbp_svm\data\raw\Flavia\2083.jpg,11,japanese_cheesewood
2084,2084.jpg,D:\CV_leaf_identification\leaf_hog_lbp_svm\data\raw\Flavia\2084.jpg,11,japanese_cheesewood
2085,2085.jpg,D:\CV_leaf_identification\leaf_hog_lbp_svm\data\raw\Flavia\2085.jpg,11,japanese_cheesewood
2086,2086.jpg,D:\CV_leaf_identification\leaf_hog_lbp_svm\data\raw\Flavia\2086.jpg,11,japanese_cheesewood
2087,2087.jpg,D:\CV_leaf_identification\leaf_hog_lbp_svm\data\raw\Flavia\2087.jpg,11,japanese_cheesewood
2088,2088.jpg,D:\CV_leaf_identification\leaf_hog_lbp_svm\data\raw\Flavia\2088.jpg,11,japanese_cheesewood
2089,2089.jpg,D:\CV_leaf_identification\leaf_hog_lbp_svm\data\raw\Flavia\2089.jpg,11,japanese_cheesewood
2090,2090.jpg,D:\CV_leaf_identification\leaf_hog_lbp_svm\data\raw\Flavia\2090.jpg,11,japanese_cheesewood
2091,2091.jpg,D:\CV_leaf_identification\leaf_hog_lbp_svm\data\raw\Flavia\2091.jpg,11,japanese_cheesewood
2092,2092.jpg,D:\CV_leaf_identification\leaf_hog_lbp_svm\data\raw\Flavia\2092.jpg,11,japanese_cheesewood
2093,2093.jpg,D:\CV_leaf_identification\leaf_hog_lbp_svm\data\raw\Flavia\2093.jpg,11,japanese_cheesewood
2094,2094.jpg,D:\CV_leaf_identification\leaf_hog_lbp_svm\data\raw\Flavia\2094.jpg,11,japanese_cheesewood
2095,2095.jpg,D:\CV_leaf_identification\leaf_hog_lbp_svm\data\raw\Flavia\2095.jpg,11,japanese_cheesewood
2096,2096.jpg,D:\CV_leaf_identification\leaf_hog_lbp_svm\data\raw\Flavia\2096.jpg,11,japanese_cheesewood
2097,2097.jpg,D:\CV_leaf_identification\leaf_hog_lbp_svm\data\raw\Flavia\2097.jpg,11,japanese_cheesewood
2098,2098.jpg,D:\CV_leaf_identification\leaf_hog_lbp_svm\data\raw\Flavia\2098.jpg,11,japanese_cheesewood
2099,2099.jpg,D:\CV_leaf_identification\leaf_hog_lbp_svm\data\raw\Flavia\2099.jpg,11,japanese_cheesewood
2100,2100.jpg,D:\CV_leaf_identification\leaf_hog_lbp_svm\data\raw\Flavia\2100.jpg,11,japanese_cheesewood
2101,2101.jpg,D:\CV_leaf_identification\leaf_hog_lbp_svm\data\raw\Flavia\2101.jpg,11,japanese_cheesewood
2102,2102.jpg,D:\CV_leaf_identification\leaf_hog_lbp_svm\data\raw\Flavia\2102.jpg,11,japanese_cheesewood
2103,2103.jpg,D:\CV_leaf_identification\leaf_hog_lbp_svm\data\raw\Flavia\2103.jpg,11,japanese_cheesewood
2104,2104.jpg,D:\CV_leaf_identification\leaf_hog_lbp_svm\data\raw\Flavia\2104.jpg,11,japanese_cheesewood
2105,2105.jpg,D:\CV_leaf_identification\leaf_hog_lbp_svm\data\raw\Flavia\2105.jpg,11,japanese_cheesewood
2106,2106.jpg,D:\CV_leaf_identification\leaf_hog_lbp_svm\data\raw\Flavia\2106.jpg,11,japanese_cheesewood
2107,2107.jpg,D:\CV_leaf_identification\leaf_hog_lbp_svm\data\raw\Flavia\2107.jpg,11,japanese_cheesewood
2108,2108.jpg,D:\CV_leaf_identification\leaf_hog_lbp_svm\data\raw\Flavia\2108.jpg,11,japanese_cheesewood
2109,2109.jpg,D:\CV_leaf_identification\leaf_hog_lbp_svm\data\raw\Flavia\2109.jpg,11,japanese_cheesewood
2110,2110.jpg,D:\CV_leaf_identification\leaf_hog_lbp_svm\data\raw\Flavia\2110.jpg,11,japanese_cheesewood
2111,2111.jpg,D:\CV_leaf_identification\leaf_hog_lbp_svm\data\raw\Flavia\2111.jpg,11,japanese_cheesewood
2112,2112.jpg,D:\CV_leaf_identification\leaf_hog_lbp_svm\data\raw\Flavia\2112.jpg,11,japanese_cheesewood
2113,2113.jpg,D:\CV_leaf_identification\leaf_hog_lbp_svm\data\raw\Flavia\2113.jpg,11,japanese_cheesewood
2114,2114.jpg,D:\CV_leaf_identification\leaf_hog_lbp_svm\data\raw\Flavia\2114.jpg,12,wintersweet
2115,2115.jpg,D:\CV_leaf_identification\leaf_hog_lbp_svm\data\raw\Flavia\2115.jpg,12,wintersweet
2116,2116.jpg,D:\CV_leaf_identification\leaf_hog_lbp_svm\data\raw\Flavia\2116.jpg,12,wintersweet
2117,2117.jpg,D:\CV_leaf_identification\leaf_hog_lbp_svm\data\raw\Flavia\2117.jpg,12,wintersweet
2118,2118.jpg,D:\CV_leaf_identification\leaf_hog_lbp_svm\data\raw\Flavia\2118.jpg,12,wintersweet
2119,2119.jpg,D:\CV_leaf_identification\leaf_hog_lbp_svm\data\raw\Flavia\2119.jpg,12,wintersweet
2120,2120.jpg,D:\CV_leaf_identification\leaf_hog_lbp_svm\data\raw\Flavia\2120.jpg,12,wintersweet
2121,2121.jpg,D:\CV_leaf_identification\leaf_hog_lbp_svm\data\raw\Flavia\2121.jpg,12,wintersweet
2122,2122.jpg,D:\CV_leaf_identification\leaf_hog_lbp_svm\data\raw\Flavia\2122.jpg,12,wintersweet
2123,2123.jpg,D:\CV_leaf_identification\leaf_hog_lbp_svm\data\raw\Flavia\2123.jpg,12,wintersweet
2124,2124.jpg,D:\CV_leaf_identification\leaf_hog_lbp_svm\data\raw\Flavia\2124.jpg,12,wintersweet
2125,2125.jpg,D:\CV_leaf_identification\leaf_hog_lbp_svm\data\raw\Flavia\2125.jpg,12,wintersweet
2126,2126.jpg,D:\CV_leaf_identification\leaf_hog_lbp_svm\data\raw\Flavia\2126.jpg,12,wintersweet
2127,2127.jpg,D:\CV_leaf_identification\leaf_hog_lbp_svm\data\raw\Flavia\2127.jpg,12,wintersweet
2128,2128.jpg,D:\CV_leaf_identification\leaf_hog_lbp_svm\data\raw\Flavia\2128.jpg,12,wintersweet
2129,2129.jpg,D:\CV_leaf_identification\leaf_hog_lbp_svm\data\raw\Flavia\2129.jpg,12,wintersweet
2130,2130.jpg,D:\CV_leaf_identification\leaf_hog_lbp_svm\data\raw\Flavia\2130.jpg,12,wintersweet
2131,2131.jpg,D:\CV_leaf_identification\leaf_hog_lbp_svm\data\raw\Flavia\2131.jpg,12,wintersweet
2132,2132.jpg,D:\CV_leaf_identification\leaf_hog_lbp_svm\data\raw\Flavia\2132.jpg,12,wintersweet
2133,2133.jpg,D:\CV_leaf_identification\leaf_hog_lbp_svm\data\raw\Flavia\2133.jpg,12,wintersweet
2134,2134.jpg,D:\CV_leaf_identification\leaf_hog_lbp_svm\data\raw\Flavia\2134.jpg,12,wintersweet
2135,2135.jpg,D:\CV_leaf_identification\leaf_hog_lbp_svm\data\raw\Flavia\2135.jpg,12,wintersweet
2136,2136.jpg,D:\CV_leaf_identification\leaf_hog_lbp_svm\data\raw\Flavia\2136.jpg,12,wintersweet
2137,2137.jpg,D:\CV_leaf_identification\leaf_hog_lbp_svm\data\raw\Flavia\2137.jpg,12,wintersweet
2138,2138.jpg,D:\CV_leaf_identification\leaf_hog_lbp_svm\data\raw\Flavia\2138.jpg,12,wintersweet
2139,2139.jpg,D:\CV_leaf_identification\leaf_hog_lbp_svm\data\raw\Flavia\2139.jpg,12,wintersweet
2140,2140.jpg,D:\CV_leaf_identification\leaf_hog_lbp_svm\data\raw\Flavia\2140.jpg,12,wintersweet
2141,2141.jpg,D:\CV_leaf_identification\leaf_hog_lbp_svm\data\raw\Flavia\2141.jpg,12,wintersweet
2142,2142.jpg,D:\CV_leaf_identification\leaf_hog_lbp_svm\data\raw\Flavia\2142.jpg,12,wintersweet
2143,2143.jpg,D:\CV_leaf_identification\leaf_hog_lbp_svm\data\raw\Flavia\2143.jpg,12,wintersweet
2144,2144.jpg,D:\CV_leaf_identification\leaf_hog_lbp_svm\data\raw\Flavia\2144.jpg,12,wintersweet
2145,2145.jpg,D:\CV_leaf_identification\leaf_hog_lbp_svm\data\raw\Flavia\2145.jpg,12,wintersweet
2146,2146.jpg,D:\CV_leaf_identification\leaf_hog_lbp_svm\data\raw\Flavia\2146.jpg,12,wintersweet
2147,2147.jpg,D:\CV_leaf_identification\leaf_hog_lbp_svm\data\raw\Flavia\2147.jpg,12,wintersweet
2148,2148.jpg,D:\CV_leaf_identification\leaf_hog_lbp_svm\data\raw\Flavia\2148.jpg,12,wintersweet
2149,2149.jpg,D:\CV_leaf_identification\leaf_hog_lbp_svm\data\raw\Flavia\2149.jpg,12,wintersweet
2150,2150.jpg,D:\CV_leaf_identification\leaf_hog_lbp_svm\data\raw\Flavia\2150.jpg,12,wintersweet
2151,2151.jpg,D:\CV_leaf_identification\leaf_hog_lbp_svm\data\raw\Flavia\2151.jpg,12,wintersweet
2152,2152.jpg,D:\CV_leaf_identification\leaf_hog_lbp_svm\data\raw\Flavia\2152.jpg,12,wintersweet
2153,2153.jpg,D:\CV_leaf_identification\leaf_hog_lbp_svm\data\raw\Flavia\2153.jpg,12,wintersweet
2154,2154.jpg,D:\CV_leaf_identification\leaf_hog_lbp_svm\data\raw\Flavia\2154.jpg,12,wintersweet
2155,2155.jpg,D:\CV_leaf_identification\leaf_hog_lbp_svm\data\raw\Flavia\2155.jpg,12,wintersweet
2156,2156.jpg,D:\CV_leaf_identification\leaf_hog_lbp_svm\data\raw\Flavia\2156.jpg,12,wintersweet
2157,2157.jpg,D:\CV_leaf_identification\leaf_hog_lbp_svm\data\raw\Flavia\2157.jpg,12,wintersweet
2158,2158.jpg,D:\CV_leaf_identification\leaf_hog_lbp_svm\data\raw\Flavia\2158.jpg,12,wintersweet
2159,2159.jpg,D:\CV_leaf_identification\leaf_hog_lbp_svm\data\raw\Flavia\2159.jpg,12,wintersweet
2160,2160.jpg,D:\CV_leaf_identification\leaf_hog_lbp_svm\data\raw\Flavia\2160.jpg,12,wintersweet
2161,2161.jpg,D:\CV_leaf_identification\leaf_hog_lbp_svm\data\raw\Flavia\2161.jpg,12,wintersweet
2162,2162.jpg,D:\CV_leaf_identification\leaf_hog_lbp_svm\data\raw\Flavia\2162.jpg,12,wintersweet
2163,2163.jpg,D:\CV_leaf_identification\leaf_hog_lbp_svm\data\raw\Flavia\2163.jpg,12,wintersweet
2164,2164.jpg,D:\CV_leaf_identification\leaf_hog_lbp_svm\data\raw\Flavia\2164.jpg,12,wintersweet
2165,2165.jpg,D:\CV_leaf_identification\leaf_hog_lbp_svm\data\raw\Flavia\2165.jpg,12,wintersweet
2166,2166.jpg,D:\CV_leaf_identification\leaf_hog_lbp_svm\data\raw\Flavia\2166.jpg,13,camphortree
2167,2167.jpg,D:\CV_leaf_identification\leaf_hog_lbp_svm\data\raw\Flavia\2167.jpg,13,camphortree
2168,2168.jpg,D:\CV_leaf_identification\leaf_hog_lbp_svm\data\raw\Flavia\2168.jpg,13,camphortree
2169,2169.jpg,D:\CV_leaf_identification\leaf_hog_lbp_svm\data\raw\Flavia\2169.jpg,13,camphortree
2170,2170.jpg,D:\CV_leaf_identification\leaf_hog_lbp_svm\data\raw\Flavia\2170.jpg,13,camphortree
2171,2171.jpg,D:\CV_leaf_identification\leaf_hog_lbp_svm\data\raw\Flavia\2171.jpg,13,camphortree
2172,2172.jpg,D:\CV_leaf_identification\leaf_hog_lbp_svm\data\raw\Flavia\2172.jpg,13,camphortree
2173,2173.jpg,D:\CV_leaf_identification\leaf_hog_lbp_svm\data\raw\Flavia\2173.jpg,13,camphortree
2174,2174.jpg,D:\CV_leaf_identification\leaf_hog_lbp_svm\data\raw\Flavia\2174.jpg,13,camphortree
2175,2175.jpg,D:\CV_leaf_identification\leaf_hog_lbp_svm\data\raw\Flavia\2175.jpg,13,camphortree
2176,2176.jpg,D:\CV_leaf_identification\leaf_hog_lbp_svm\data\raw\Flavia\2176.jpg,13,camphortree
2177,2177.jpg,D:\CV_leaf_identification\leaf_hog_lbp_svm\data\raw\Flavia\2177.jpg,13,camphortree
2178,2178.jpg,D:\CV_leaf_identification\leaf_hog_lbp_svm\data\raw\Flavia\2178.jpg,13,camphortree
2179,2179.jpg,D:\CV_leaf_identification\leaf_hog_lbp_svm\data\raw\Flavia\2179.jpg,13,camphortree
2180,2180.jpg,D:\CV_leaf_identification\leaf_hog_lbp_svm\data\raw\Flavia\2180.jpg,13,camphortree
2181,2181.jpg,D:\CV_leaf_identification\leaf_hog_lbp_svm\data\raw\Flavia\2181.jpg,13,camphortree
2182,2182.jpg,D:\CV_leaf_identification\leaf_hog_lbp_svm\data\raw\Flavia\2182.jpg,13,camphortree
2183,2183.jpg,D:\CV_leaf_identification\leaf_hog_lbp_svm\data\raw\Flavia\2183.jpg,13,camphortree
2184,2184.jpg,D:\CV_leaf_identification\leaf_hog_lbp_svm\data\raw\Flavia\2184.jpg,13,camphortree
2185,2185.jpg,D:\CV_leaf_identification\leaf_hog_lbp_svm\data\raw\Flavia\2185.jpg,13,camphortree
2186,2186.jpg,D:\CV_leaf_identification\leaf_hog_lbp_svm\data\raw\Flavia\2186.jpg,13,camphortree
2187,2187.jpg,D:\CV_leaf_identification\leaf_hog_lbp_svm\data\raw\Flavia\2187.jpg,13,camphortree
2188,2188.jpg,D:\CV_leaf_identification\leaf_hog_lbp_svm\data\raw\Flavia\2188.jpg,13,camphortree
2189,2189.jpg,D:\CV_leaf_identification\leaf_hog_lbp_svm\data\raw\Flavia\2189.jpg,13,camphortree
2190,2190.jpg,D:\CV_leaf_identification\leaf_hog_lbp_svm\data\raw\Flavia\2190.jpg,13,camphortree
2191,2191.jpg,D:\CV_leaf_identification\leaf_hog_lbp_svm\data\raw\Flavia\2191.jpg,13,camphortree
2192,2192.jpg,D:\CV_leaf_identification\leaf_hog_lbp_svm\data\raw\Flavia\2192.jpg,13,camphortree
2193,2193.jpg,D:\CV_leaf_identification\leaf_hog_lbp_svm\data\raw\Flavia\2193.jpg,13,camphortree
2194,2194.jpg,D:\CV_leaf_identification\leaf_hog_lbp_svm\data\raw\Flavia\2194.jpg,13,camphortree
2195,2195.jpg,D:\CV_leaf_identification\leaf_hog_lbp_svm\data\raw\Flavia\2195.jpg,13,camphortree
2196,2196.jpg,D:\CV_leaf_identification\leaf_hog_lbp_svm\data\raw\Flavia\2196.jpg,13,camphortree
2197,2197.jpg,D:\CV_leaf_identification\leaf_hog_lbp_svm\data\raw\Flavia\2197.jpg,13,camphortree
2198,2198.jpg,D:\CV_leaf_identification\leaf_hog_lbp_svm\data\raw\Flavia\2198.jpg,13,camphortree
2199,2199.jpg,D:\CV_leaf_identification\leaf_hog_lbp_svm\data\raw\Flavia\2199.jpg,13,camphortree
2200,2200.jpg,D:\CV_leaf_identification\leaf_hog_lbp_svm\data\raw\Flavia\2200.jpg,13,camphortree
2201,2201.jpg,D:\CV_leaf_identification\leaf_hog_lbp_svm\data\raw\Flavia\2201.jpg,13,camphortree
2202,2202.jpg,D:\CV_leaf_identification\leaf_hog_lbp_svm\data\raw\Flavia\2202.jpg,13,camphortree
2203,2203.jpg,D:\CV_leaf_identification\leaf_hog_lbp_svm\data\raw\Flavia\2203.jpg,13,camphortree
2204,2204.jpg,D:\CV_leaf_identification\leaf_hog_lbp_svm\data\raw\Flavia\2204.jpg,13,camphortree
2205,2205.jpg,D:\CV_leaf_identification\leaf_hog_lbp_svm\data\raw\Flavia\2205.jpg,13,camphortree
2206,2206.jpg,D:\CV_leaf_identification\leaf_hog_lbp_svm\data\raw\Flavia\2206.jpg,13,camphortree
2207,2207.jpg,D:\CV_leaf_identification\leaf_hog_lbp_svm\data\raw\Flavia\2207.jpg,13,camphortree
2208,2208.jpg,D:\CV_leaf_identification\leaf_hog_lbp_svm\data\raw\Flavia\2208.jpg,13,camphortree
2209,2209.jpg,D:\CV_leaf_identification\leaf_hog_lbp_svm\data\raw\Flavia\2209.jpg,13,camphortree
2210,2210.jpg,D:\CV_leaf_identification\leaf_hog_lbp_svm\data\raw\Flavia\2210.jpg,13,camphortree
2211,2211.jpg,D:\CV_leaf_identification\leaf_hog_lbp_svm\data\raw\Flavia\2211.jpg,13,camphortree
2212,2212.jpg,D:\CV_leaf_identification\leaf_hog_lbp_svm\data\raw\Flavia\2212.jpg,13,camphortree
2213,2213.jpg,D:\CV_leaf_identification\leaf_hog_lbp_svm\data\raw\Flavia\2213.jpg,13,camphortree
2214,2214.jpg,D:\CV_leaf_identification\leaf_hog_lbp_svm\data\raw\Flavia\2214.jpg,13,camphortree
2215,2215.jpg,D:\CV_leaf_identification\leaf_hog_lbp_svm\data\raw\Flavia\2215.jpg,13,camphortree
2216,2216.jpg,D:\CV_leaf_identification\leaf_hog_lbp_svm\data\raw\Flavia\2216.jpg,13,camphortree
2217,2217.jpg,D:\CV_leaf_identification\leaf_hog_lbp_svm\data\raw\Flavia\2217.jpg,13,camphortree
2218,2218.jpg,D:\CV_leaf_identification\leaf_hog_lbp_svm\data\raw\Flavia\2218.jpg,13,camphortree
2219,2219.jpg,D:\CV_leaf_identification\leaf_hog_lbp_svm\data\raw\Flavia\2219.jpg,13,camphortree
2220,2220.jpg,D:\CV_leaf_identification\leaf_hog_lbp_svm\data\raw\Flavia\2220.jpg,13,camphortree
2221,2221.jpg,D:\CV_leaf_identification\leaf_hog_lbp_svm\data\raw\Flavia\2221.jpg,13,camphortree
2222,2222.jpg,D:\CV_leaf_identification\leaf_hog_lbp_svm\data\raw\Flavia\2222.jpg,13,camphortree
2223,2223.jpg,D:\CV_leaf_identification\leaf_hog_lbp_svm\data\raw\Flavia\2223.jpg,13,camphortree
2224,2224.jpg,D:\CV_leaf_identification\leaf_hog_lbp_svm\data\raw\Flavia\2224.jpg,13,camphortree
2225,2225.jpg,D:\CV_leaf_identification\leaf_hog_lbp_svm\data\raw\Flavia\2225.jpg,13,camphortree
2226,2226.jpg,D:\CV_leaf_identification\leaf_hog_lbp_svm\data\raw\Flavia\2226.jpg,13,camphortree
2227,2227.jpg,D:\CV_leaf_identification\leaf_hog_lbp_svm\data\raw\Flavia\2227.jpg,13,camphortree
2228,2228.jpg,D:\CV_leaf_identification\leaf_hog_lbp_svm\data\raw\Flavia\2228.jpg,13,camphortree
2229,2229.jpg,D:\CV_leaf_identification\leaf_hog_lbp_svm\data\raw\Flavia\2229.jpg,13,camphortree
2230,2230.jpg,D:\CV_leaf_identification\leaf_hog_lbp_svm\data\raw\Flavia\2230.jpg,13,camphortree
2231,2231.jpg,D:\CV_leaf_identification\leaf_hog_lbp_svm\data\raw\Flavia\2231.jpg,14,japan_arrowwood
2232,2232.jpg,D:\CV_leaf_identification\leaf_hog_lbp_svm\data\raw\Flavia\2232.jpg,14,japan_arrowwood
2233,2233.jpg,D:\CV_leaf_identification\leaf_hog_lbp_svm\data\raw\Flavia\2233.jpg,14,japan_arrowwood
2234,2234.jpg,D:\CV_leaf_identification\leaf_hog_lbp_svm\data\raw\Flavia\2234.jpg,14,japan_arrowwood
2235,2235.jpg,D:\CV_leaf_identification\leaf_hog_lbp_svm\data\raw\Flavia\2235.jpg,14,japan_arrowwood
2236,2236.jpg,D:\CV_leaf_identification\leaf_hog_lbp_svm\data\raw\Flavia\2236.jpg,14,japan_arrowwood
2237,2237.jpg,D:\CV_leaf_identification\leaf_hog_lbp_svm\data\raw\Flavia\2237.jpg,14,japan_arrowwood
2238,2238.jpg,D:\CV_leaf_identification\leaf_hog_lbp_svm\data\raw\Flavia\2238.jpg,14,japan_arrowwood
2239,2239.jpg,D:\CV_leaf_identification\leaf_hog_lbp_svm\data\raw\Flavia\2239.jpg,14,japan_arrowwood
2240,2240.jpg,D:\CV_leaf_identification\leaf_hog_lbp_svm\data\raw\Flavia\2240.jpg,14,japan_arrowwood
2241,2241.jpg,D:\CV_leaf_identification\leaf_hog_lbp_svm\data\raw\Flavia\2241.jpg,14,japan_arrowwood
2242,2242.jpg,D:\CV_leaf_identification\leaf_hog_lbp_svm\data\raw\Flavia\2242.jpg,14,japan_arrowwood
2243,2243.jpg,D:\CV_leaf_identification\leaf_hog_lbp_svm\data\raw\Flavia\2243.jpg,14,japan_arrowwood
2244,2244.jpg,D:\CV_leaf_identification\leaf_hog_lbp_svm\data\raw\Flavia\2244.jpg,14,japan_arrowwood
2245,2245.jpg,D:\CV_leaf_identification\leaf_hog_lbp_svm\data\raw\Flavia\2245.jpg,14,japan_arrowwood
2246,2246.jpg,D:\CV_leaf_identification\leaf_hog_lbp_svm\data\raw\Flavia\2246.jpg,14,japan_arrowwood
2247,2247.jpg,D:\CV_leaf_identification\leaf_hog_lbp_svm\data\raw\Flavia\2247.jpg,14,japan_arrowwood
2248,2248.jpg,D:\CV_leaf_identification\leaf_hog_lbp_svm\data\raw\Flavia\2248.jpg,14,japan_arrowwood
2249,2249.jpg,D:\CV_leaf_identification\leaf_hog_lbp_svm\data\raw\Flavia\2249.jpg,14,japan_arrowwood
2250,2250.jpg,D:\CV_leaf_identification\leaf_hog_lbp_svm\data\raw\Flavia\2250.jpg,14,japan_arrowwood
2251,2251.jpg,D:\CV_leaf_identification\leaf_hog_lbp_svm\data\raw\Flavia\2251.jpg,14,japan_arrowwood
2252,2252.jpg,D:\CV_leaf_identification\leaf_hog_lbp_svm\data\raw\Flavia\2252.jpg,14,japan_arrowwood
2253,2253.jpg,D:\CV_leaf_identification\leaf_hog_lbp_svm\data\raw\Flavia\2253.jpg,14,japan_arrowwood
2254,2254.jpg,D:\CV_leaf_identification\leaf_hog_lbp_svm\data\raw\Flavia\2254.jpg,14,japan_arrowwood
2255,2255.jpg,D:\CV_leaf_identification\leaf_hog_lbp_svm\data\raw\Flavia\2255.jpg,14,japan_arrowwood
2256,2256.jpg,D:\CV_leaf_identification\leaf_hog_lbp_svm\data\raw\Flavia\2256.jpg,14,japan_arrowwood
2257,2257.jpg,D:\CV_leaf_identification\leaf_hog_lbp_svm\data\raw\Flavia\2257.jpg,14,japan_arrowwood
2258,2258.jpg,D:\CV_leaf_identification\leaf_hog_lbp_svm\data\raw\Flavia\2258.jpg,14,japan_arrowwood
2259,2259.jpg,D:\CV_leaf_identification\leaf_hog_lbp_svm\data\raw\Flavia\2259.jpg,14,japan_arrowwood
2260,2260.jpg,D:\CV_leaf_identification\leaf_hog_lbp_svm\data\raw\Flavia\2260.jpg,14,japan_arrowwood
2261,2261.jpg,D:\CV_leaf_identification\leaf_hog_lbp_svm\data\raw\Flavia\2261.jpg,14,japan_arrowwood
2262,2262.jpg,D:\CV_leaf_identification\leaf_hog_lbp_svm\data\raw\Flavia\2262.jpg,14,japan_arrowwood
2263,2263.jpg,D:\CV_leaf_identification\leaf_hog_lbp_svm\data\raw\Flavia\2263.jpg,14,japan_arrowwood
2264,2264.jpg,D:\CV_leaf_identification\leaf_hog_lbp_svm\data\raw\Flavia\2264.jpg,14,japan_arrowwood
2265,2265.jpg,D:\CV_leaf_identification\leaf_hog_lbp_svm\data\raw\Flavia\2265.jpg,14,japan_arrowwood
2266,2266.jpg,D:\CV_leaf_identification\leaf_hog_lbp_svm\data\raw\Flavia\2266.jpg,14,japan_arrowwood
2267,2267.jpg,D:\CV_leaf_identification\leaf_hog_lbp_svm\data\raw\Flavia\2267.jpg,14,japan_arrowwood
2268,2268.jpg,D:\CV_leaf_identification\leaf_hog_lbp_svm\data\raw\Flavia\2268.jpg,14,japan_arrowwood
2269,2269.jpg,D:\CV_leaf_identification\leaf_hog_lbp_svm\data\raw\Flavia\2269.jpg,14,japan_arrowwood
2270,2270.jpg,D:\CV_leaf_identification\leaf_hog_lbp_svm\data\raw\Flavia\2270.jpg,14,japan_arrowwood
2271,2271.jpg,D:\CV_leaf_identification\leaf_hog_lbp_svm\data\raw\Flavia\2271.jpg,14,japan_arrowwood
2272,2272.jpg,D:\CV_leaf_identification\leaf_hog_lbp_svm\data\raw\Flavia\2272.jpg,14,japan_arrowwood
2273,2273.jpg,D:\CV_leaf_identification\leaf_hog_lbp_svm\data\raw\Flavia\2273.jpg,14,japan_arrowwood
2274,2274.jpg,D:\CV_leaf_identification\leaf_hog_lbp_svm\data\raw\Flavia\2274.jpg,14,japan_arrowwood
2275,2275.jpg,D:\CV_leaf_identification\leaf_hog_lbp_svm\data\raw\Flavia\2275.jpg,14,japan_arrowwood
2276,2276.jpg,D:\CV_leaf_identification\leaf_hog_lbp_svm\data\raw\Flavia\2276.jpg,14,japan_arrowwood
2277,2277.jpg,D:\CV_leaf_identification\leaf_hog_lbp_svm\data\raw\Flavia\2277.jpg,14,japan_arrowwood
2278,2278.jpg,D:\CV_leaf_identification\leaf_hog_lbp_svm\data\raw\Flavia\2278.jpg,14,japan_arrowwood
2279,2279.jpg,D:\CV_leaf_identification\leaf_hog_lbp_svm\data\raw\Flavia\2279.jpg,14,japan_arrowwood
2280,2280.jpg,D:\CV_leaf_identification\leaf_hog_lbp_svm\data\raw\Flavia\2280.jpg,14,japan_arrowwood
2281,2281.jpg,D:\CV_leaf_identification\leaf_hog_lbp_svm\data\raw\Flavia\2281.jpg,14,japan_arrowwood
2282,2282.jpg,D:\CV_leaf_identification\leaf_hog_lbp_svm\data\raw\Flavia\2282.jpg,14,japan_arrowwood
2283,2283.jpg,D:\CV_leaf_identification\leaf_hog_lbp_svm\data\raw\Flavia\2283.jpg,14,japan_arrowwood
2284,2284.jpg,D:\CV_leaf_identification\leaf_hog_lbp_svm\data\raw\Flavia\2284.jpg,14,japan_arrowwood
2285,2285.jpg,D:\CV_leaf_identification\leaf_hog_lbp_svm\data\raw\Flavia\2285.jpg,14,japan_arrowwood
2286,2286.jpg,D:\CV_leaf_identification\leaf_hog_lbp_svm\data\raw\Flavia\2286.jpg,14,japan_arrowwood
2287,2287.jpg,D:\CV_leaf_identification\leaf_hog_lbp_svm\data\raw\Flavia\2287.jpg,14,japan_arrowwood
2288,2288.jpg,D:\CV_leaf_identification\leaf_hog_lbp_svm\data\raw\Flavia\2288.jpg,14,japan_arrowwood
2289,2289.jpg,D:\CV_leaf_identification\leaf_hog_lbp_svm\data\raw\Flavia\2289.jpg,14,japan_arrowwood
2290,2290.jpg,D:\CV_leaf_identification\leaf_hog_lbp_svm\data\raw\Flavia\2290.jpg,14,japan_arrowwood
2291,2291.jpg,D:\CV_leaf_identification\leaf_hog_lbp_svm\data\raw\Flavia\2291.jpg,15,sweet_osmanthus
2292,2292.jpg,D:\CV_leaf_identification\leaf_hog_lbp_svm\data\raw\Flavia\2292.jpg,15,sweet_osmanthus
2293,2293.jpg,D:\CV_leaf_identification\leaf_hog_lbp_svm\data\raw\Flavia\2293.jpg,15,sweet_osmanthus
2294,2294.jpg,D:\CV_leaf_identification\leaf_hog_lbp_svm\data\raw\Flavia\2294.jpg,15,sweet_osmanthus
2295,2295.jpg,D:\CV_leaf_identification\leaf_hog_lbp_svm\data\raw\Flavia\2295.jpg,15,sweet_osmanthus
2296,2296.jpg,D:\CV_leaf_identification\leaf_hog_lbp_svm\data\raw\Flavia\2296.jpg,15,sweet_osmanthus
2297,2297.jpg,D:\CV_leaf_identification\leaf_hog_lbp_svm\data\raw\Flavia\2297.jpg,15,sweet_osmanthus
2298,2298.jpg,D:\CV_leaf_identification\leaf_hog_lbp_svm\data\raw\Flavia\2298.jpg,15,sweet_osmanthus
2299,2299.jpg,D:\CV_leaf_identification\leaf_hog_lbp_svm\data\raw\Flavia\2299.jpg,15,sweet_osmanthus
2300,2300.jpg,D:\CV_leaf_identification\leaf_hog_lbp_svm\data\raw\Flavia\2300.jpg,15,sweet_osmanthus
2301,2301.jpg,D:\CV_leaf_identification\leaf_hog_lbp_svm\data\raw\Flavia\2301.jpg,15,sweet_osmanthus
2302,2302.jpg,D:\CV_leaf_identification\leaf_hog_lbp_svm\data\raw\Flavia\2302.jpg,15,sweet_osmanthus
2303,2303.jpg,D:\CV_leaf_identification\leaf_hog_lbp_svm\data\raw\Flavia\2303.jpg,15,sweet_osmanthus
2304,2304.jpg,D:\CV_leaf_identification\leaf_hog_lbp_svm\data\raw\Flavia\2304.jpg,15,sweet_osmanthus
2305,2305.jpg,D:\CV_leaf_identification\leaf_hog_lbp_svm\data\raw\Flavia\2305.jpg,15,sweet_osmanthus
2306,2306.jpg,D:\CV_leaf_identification\leaf_hog_lbp_svm\data\raw\Flavia\2306.jpg,15,sweet_osmanthus
2307,2307.jpg,D:\CV_leaf_identification\leaf_hog_lbp_svm\data\raw\Flavia\2307.jpg,15,sweet_osmanthus
2308,2308.jpg,D:\CV_leaf_identification\leaf_hog_lbp_svm\data\raw\Flavia\2308.jpg,15,sweet_osmanthus
2309,2309.jpg,D:\CV_leaf_identification\leaf_hog_lbp_svm\data\raw\Flavia\2309.jpg,15,sweet_osmanthus
2310,2310.jpg,D:\CV_leaf_identification\leaf_hog_lbp_svm\data\raw\Flavia\2310.jpg,15,sweet_osmanthus
2311,2311.jpg,D:\CV_leaf_identification\leaf_hog_lbp_svm\data\raw\Flavia\2311.jpg,15,sweet_osmanthus
2312,2312.jpg,D:\CV_leaf_identification\leaf_hog_lbp_svm\data\raw\Flavia\2312.jpg,15,sweet_osmanthus
2313,2313.jpg,D:\CV_leaf_identification\leaf_hog_lbp_svm\data\raw\Flavia\2313.jpg,15,sweet_osmanthus
2314,2314.jpg,D:\CV_leaf_identification\leaf_hog_lbp_svm\data\raw\Flavia\2314.jpg,15,sweet_osmanthus
2315,2315.jpg,D:\CV_leaf_identification\leaf_hog_lbp_svm\data\raw\Flavia\2315.jpg,15,sweet_osmanthus
2316,2316.jpg,D:\CV_leaf_identification\leaf_hog_lbp_svm\data\raw\Flavia\2316.jpg,15,sweet_osmanthus
2317,2317.jpg,D:\CV_leaf_identification\leaf_hog_lbp_svm\data\raw\Flavia\2317.jpg,15,sweet_osmanthus
2318,2318.jpg,D:\CV_leaf_identification\leaf_hog_lbp_svm\data\raw\Flavia\2318.jpg,15,sweet_osmanthus
2319,2319.jpg,D:\CV_leaf_identification\leaf_hog_lbp_svm\data\raw\Flavia\2319.jpg,15,sweet_osmanthus
2320,2320.jpg,D:\CV_leaf_identification\leaf_hog_lbp_svm\data\raw\Flavia\2320.jpg,15,sweet_osmanthus
2321,2321.jpg,D:\CV_leaf_identification\leaf_hog_lbp_svm\data\raw\Flavia\2321.jpg,15,sweet_osmanthus
2322,2322.jpg,D:\CV_leaf_identification\leaf_hog_lbp_svm\data\raw\Flavia\2322.jpg,15,sweet_osmanthus
2323,2323.jpg,D:\CV_leaf_identification\leaf_hog_lbp_svm\data\raw\Flavia\2323.jpg,15,sweet_osmanthus
2324,2324.jpg,D:\CV_leaf_identification\leaf_hog_lbp_svm\data\raw\Flavia\2324.jpg,15,sweet_osmanthus
2325,2325.jpg,D:\CV_leaf_identification\leaf_hog_lbp_svm\data\raw\Flavia\2325.jpg,15,sweet_osmanthus
2326,2326.jpg,D:\CV_leaf_identification\leaf_hog_lbp_svm\data\raw\Flavia\2326.jpg,15,sweet_osmanthus
2327,2327.jpg,D:\CV_leaf_identification\leaf_hog_lbp_svm\data\raw\Flavia\2327.jpg,15,sweet_osmanthus
2328,2328.jpg,D:\CV_leaf_identification\leaf_hog_lbp_svm\data\raw\Flavia\2328.jpg,15,sweet_osmanthus
2329,2329.jpg,D:\CV_leaf_identification\leaf_hog_lbp_svm\data\raw\Flavia\2329.jpg,15,sweet_osmanthus
2330,2330.jpg,D:\CV_leaf_identification\leaf_hog_lbp_svm\data\raw\Flavia\2330.jpg,15,sweet_osmanthus
2331,2331.jpg,D:\CV_leaf_identification\leaf_hog_lbp_svm\data\raw\Flavia\2331.jpg,15,sweet_osmanthus
2332,2332.jpg,D:\CV_leaf_identification\leaf_hog_lbp_svm\data\raw\Flavia\2332.jpg,15,sweet_osmanthus
2333,2333.jpg,D:\CV_leaf_identification\leaf_hog_lbp_svm\data\raw\Flavia\2333.jpg,15,sweet_osmanthus
2334,2334.jpg,D:\CV_leaf_identification\leaf_hog_lbp_svm\data\raw\Flavia\2334.jpg,15,sweet_osmanthus
2335,2335.jpg,D:\CV_leaf_identification\leaf_hog_lbp_svm\data\raw\Flavia\2335.jpg,15,sweet_osmanthus
2336,2336.jpg,D:\CV_leaf_identification\leaf_hog_lbp_svm\data\raw\Flavia\2336.jpg,15,sweet_osmanthus
2337,2337.jpg,D:\CV_leaf_identification\leaf_hog_lbp_svm\data\raw\Flavia\2337.jpg,15,sweet_osmanthus
2338,2338.jpg,D:\CV_leaf_identification\leaf_hog_lbp_svm\data\raw\Flavia\2338.jpg,15,sweet_osmanthus
2339,2339.jpg,D:\CV_leaf_identification\leaf_hog_lbp_svm\data\raw\Flavia\2339.jpg,15,sweet_osmanthus
2340,2340.jpg,D:\CV_leaf_identification\leaf_hog_lbp_svm\data\raw\Flavia\2340.jpg,15,sweet_osmanthus
2341,2341.jpg,D:\CV_leaf_identification\leaf_hog_lbp_svm\data\raw\Flavia\2341.jpg,15,sweet_osmanthus
2342,2342.jpg,D:\CV_leaf_identification\leaf_hog_lbp_svm\data\raw\Flavia\2342.jpg,15,sweet_osmanthus
2343,2343.jpg,D:\CV_leaf_identification\leaf_hog_lbp_svm\data\raw\Flavia\2343.jpg,15,sweet_osmanthus
2344,2344.jpg,D:\CV_leaf_identification\leaf_hog_lbp_svm\data\raw\Flavia\2344.jpg,15,sweet_osmanthus
2345,2345.jpg,D:\CV_leaf_identification\leaf_hog_lbp_svm\data\raw\Flavia\2345.jpg,15,sweet_osmanthus
2346,2346.jpg,D:\CV_leaf_identification\leaf_hog_lbp_svm\data\raw\Flavia\2346.jpg,15,sweet_osmanthus
2347,2347.jpg,D:\CV_leaf_identification\leaf_hog_lbp_svm\data\raw\Flavia\2347.jpg,16,deodar
2348,2348.jpg,D:\CV_leaf_identification\leaf_hog_lbp_svm\data\raw\Flavia\2348.jpg,16,deodar
2349,2349.jpg,D:\CV_leaf_identification\leaf_hog_lbp_svm\data\raw\Flavia\2349.jpg,16,deodar
2350,2350.jpg,D:\CV_leaf_identification\leaf_hog_lbp_svm\data\raw\Flavia\2350.jpg,16,deodar
2351,2351.jpg,D:\CV_leaf_identification\leaf_hog_lbp_svm\data\raw\Flavia\2351.jpg,16,deodar
2352,2352.jpg,D:\CV_leaf_identification\leaf_hog_lbp_svm\data\raw\Flavia\2352.jpg,16,deodar
2353,2353.jpg,D:\CV_leaf_identification\leaf_hog_lbp_svm\data\raw\Flavia\2353.jpg,16,deodar
2354,2354.jpg,D:\CV_leaf_identification\leaf_hog_lbp_svm\data\raw\Flavia\2354.jpg,16,deodar
2355,2355.jpg,D:\CV_leaf_identification\leaf_hog_lbp_svm\data\raw\Flavia\2355.jpg,16,deodar
2356,2356.jpg,D:\CV_leaf_identification\leaf_hog_lbp_svm\data\raw\Flavia\2356.jpg,16,deodar
2357,2357.jpg,D:\CV_leaf_identification\leaf_hog_lbp_svm\data\raw\Flavia\2357.jpg,16,deodar
2358,2358.jpg,D:\CV_leaf_identification\leaf_hog_lbp_svm\data\raw\Flavia\2358.jpg,16,deodar
2359,2359.jpg,D:\CV_leaf_identification\leaf_hog_lbp_svm\data\raw\Flavia\2359.jpg,16,deodar
2360,2360.jpg,D:\CV_leaf_identification\leaf_hog_lbp_svm\data\raw\Flavia\2360.jpg,16,deodar
2361,2361.jpg,D:\CV_leaf_identification\leaf_hog_lbp_svm\data\raw\Flavia\2361.jpg,16,deodar
2362,2362.jpg,D:\CV_leaf_identification\leaf_hog_lbp_svm\data\raw\Flavia\2362.jpg,16,deodar
2363,2363.jpg,D:\CV_leaf_identification\leaf_hog_lbp_svm\data\raw\Flavia\2363.jpg,16,deodar
2364,2364.jpg,D:\CV_leaf_identification\leaf_hog_lbp_svm\data\raw\Flavia\2364.jpg,16,deodar
2365,2365.jpg,D:\CV_leaf_identification\leaf_hog_lbp_svm\data\raw\Flavia\2365.jpg,16,deodar
2366,2366.jpg,D:\CV_leaf_identification\leaf_hog_lbp_svm\data\raw\Flavia\2366.jpg,16,deodar
2367,2367.jpg,D:\CV_leaf_identification\leaf_hog_lbp_svm\data\raw\Flavia\2367.jpg,16,deodar
2368,2368.jpg,D:\CV_leaf_identification\leaf_hog_lbp_svm\data\raw\Flavia\2368.jpg,16,deodar
2369,2369.jpg,D:\CV_leaf_identification\leaf_hog_lbp_svm\data\raw\Flavia\2369.jpg,16,deodar
2370,2370.jpg,D:\CV_leaf_identification\leaf_hog_lbp_svm\data\raw\Flavia\2370.jpg,16,deodar
2371,2371.jpg,D:\CV_leaf_identification\leaf_hog_lbp_svm\data\raw\Flavia\2371.jpg,16,deodar
2372,2372.jpg,D:\CV_leaf_identification\leaf_hog_lbp_svm\data\raw\Flavia\2372.jpg,16,deodar
2373,2373.jpg,D:\CV_leaf_identification\leaf_hog_lbp_svm\data\raw\Flavia\2373.jpg,16,deodar
2374,2374.jpg,D:\CV_leaf_identification\leaf_hog_lbp_svm\data\raw\Flavia\2374.jpg,16,deodar
2375,2375.jpg,D:\CV_leaf_identification\leaf_hog_lbp_svm\data\raw\Flavia\2375.jpg,16,deodar
2376,2376.jpg,D:\CV_leaf_identification\leaf_hog_lbp_svm\data\raw\Flavia\2376.jpg,16,deodar
2377,2377.jpg,D:\CV_leaf_identification\leaf_hog_lbp_svm\data\raw\Flavia\2377.jpg,16,deodar
2378,2378.jpg,D:\CV_leaf_identification\leaf_hog_lbp_svm\data\raw\Flavia\2378.jpg,16,deodar
2379,2379.jpg,D:\CV_leaf_identification\leaf_hog_lbp_svm\data\raw\Flavia\2379.jpg,16,deodar
2380,2380.jpg,D:\CV_leaf_identification\leaf_hog_lbp_svm\data\raw\Flavia\2380.jpg,16,deodar
2381,2381.jpg,D:\CV_leaf_identification\leaf_hog_lbp_svm\data\raw\Flavia\2381.jpg,16,deodar
2382,2382.jpg,D:\CV_leaf_identification\leaf_hog_lbp_svm\data\raw\Flavia\2382.jpg,16,deodar
2383,2383.jpg,D:\CV_leaf_identification\leaf_hog_lbp_svm\data\raw\Flavia\2383.jpg,16,deodar
2384,2384.jpg,D:\CV_leaf_identification\leaf_hog_lbp_svm\data\raw\Flavia\2384.jpg,16,deodar
2385,2385.jpg,D:\CV_leaf_identification\leaf_hog_lbp_svm\data\raw\Flavia\2385.jpg,16,deodar
2386,2386.jpg,D:\CV_leaf_identification\leaf_hog_lbp_svm\data\raw\Flavia\2386.jpg,16,deodar
2387,2387.jpg,D:\CV_leaf_identification\leaf_hog_lbp_svm\data\raw\Flavia\2387.jpg,16,deodar
2388,2388.jpg,D:\CV_leaf_identification\leaf_hog_lbp_svm\data\raw\Flavia\2388.jpg,16,deodar
2389,2389.jpg,D:\CV_leaf_identification\leaf_hog_lbp_svm\data\raw\Flavia\2389.jpg,16,deodar
2390,2390.jpg,D:\CV_leaf_identification\leaf_hog_lbp_svm\data\raw\Flavia\2390.jpg,16,deodar
2391,2391.jpg,D:\CV_leaf_identification\leaf_hog_lbp_svm\data\raw\Flavia\2391.jpg,16,deodar
2392,2392.jpg,D:\CV_leaf_identification\leaf_hog_lbp_svm\data\raw\Flavia\2392.jpg,16,deodar
2393,2393.jpg,D:\CV_leaf_identification\leaf_hog_lbp_svm\data\raw\Flavia\2393.jpg,16,deodar
2394,2394.jpg,D:\CV_leaf_identification\leaf_hog_lbp_svm\data\raw\Flavia\2394.jpg,16,deodar
2395,2395.jpg,D:\CV_leaf_identification\leaf_hog_lbp_svm\data\raw\Flavia\2395.jpg,16,deodar
2396,2396.jpg,D:\CV_leaf_identification\leaf_hog_lbp_svm\data\raw\Flavia\2396.jpg,16,deodar
2397,2397.jpg,D:\CV_leaf_identification\leaf_hog_lbp_svm\data\raw\Flavia\2397.jpg,16,deodar
2398,2398.jpg,D:\CV_leaf_identification\leaf_hog_lbp_svm\data\raw\Flavia\2398.jpg,16,deodar
2399,2399.jpg,D:\CV_leaf_identification\leaf_hog_lbp_svm\data\raw\Flavia\2399.jpg,16,deodar
2400,2400.jpg,D:\CV_leaf_identification\leaf_hog_lbp_svm\data\raw\Flavia\2400.jpg,16,deodar
2401,2401.jpg,D:\CV_leaf_identification\leaf_hog_lbp_svm\data\raw\Flavia\2401.jpg,16,deodar
2402,2402.jpg,D:\CV_leaf_identification\leaf_hog_lbp_svm\data\raw\Flavia\2402.jpg,16,deodar
2403,2403.jpg,D:\CV_leaf_identification\leaf_hog_lbp_svm\data\raw\Flavia\2403.jpg,16,deodar
2404,2404.jpg,D:\CV_leaf_identification\leaf_hog_lbp_svm\data\raw\Flavia\2404.jpg,16,deodar
2405,2405.jpg,D:\CV_leaf_identification\leaf_hog_lbp_svm\data\raw\Flavia\2405.jpg,16,deodar
2406,2406.jpg,D:\CV_leaf_identification\leaf_hog_lbp_svm\data\raw\Flavia\2406.jpg,16,deodar
2407,2407.jpg,D:\CV_leaf_identification\leaf_hog_lbp_svm\data\raw\Flavia\2407.jpg,16,deodar
2408,2408.jpg,D:\CV_leaf_identification\leaf_hog_lbp_svm\data\raw\Flavia\2408.jpg,16,deodar
2409,2409.jpg,D:\CV_leaf_identification\leaf_hog_lbp_svm\data\raw\Flavia\2409.jpg,16,deodar
2410,2410.jpg,D:\CV_leaf_identification\leaf_hog_lbp_svm\data\raw\Flavia\2410.jpg,16,deodar
2411,2411.jpg,D:\CV_leaf_identification\leaf_hog_lbp_svm\data\raw\Flavia\2411.jpg,16,deodar
2412,2412.jpg,D:\CV_leaf_identification\leaf_hog_lbp_svm\data\raw\Flavia\2412.jpg,16,deodar
2413,2413.jpg,D:\CV_leaf_identification\leaf_hog_lbp_svm\data\raw\Flavia\2413.jpg,16,deodar
2414,2414.jpg,D:\CV_leaf_identification\leaf_hog_lbp_svm\data\raw\Flavia\2414.jpg,16,deodar
2415,2415.jpg,D:\CV_leaf_identification\leaf_hog_lbp_svm\data\raw\Flavia\2415.jpg,16,deodar
2416,2416.jpg,D:\CV_leaf_identification\leaf_hog_lbp_svm\data\raw\Flavia\2416.jpg,16,deodar
2417,2417.jpg,D:\CV_leaf_identification\leaf_hog_lbp_svm\data\raw\Flavia\2417.jpg,16,deodar
2418,2418.jpg,D:\CV_leaf_identification\leaf_hog_lbp_svm\data\raw\Flavia\2418.jpg,16,deodar
2419,2419.jpg,D:\CV_leaf_identification\leaf_hog_lbp_svm\data\raw\Flavia\2419.jpg,16,deodar
2420,2420.jpg,D:\CV_leaf_identification\leaf_hog_lbp_svm\data\raw\Flavia\2420.jpg,16,deodar
2421,2421.jpg,D:\CV_leaf_identification\leaf_hog_lbp_svm\data\raw\Flavia\2421.jpg,16,deodar
2422,2422.jpg,D:\CV_leaf_identification\leaf_hog_lbp_svm\data\raw\Flavia\2422.jpg,16,deodar
2423,2423.jpg,D:\CV_leaf_identification\leaf_hog_lbp_svm\data\raw\Flavia\2423.jpg,16,deodar
2424,2424.jpg,D:\CV_leaf_identification\leaf_hog_lbp_svm\data\raw\Flavia\2424.jpg,17,ginkgo
2425,2425.jpg,D:\CV_leaf_identification\leaf_hog_lbp_svm\data\raw\Flavia\2425.jpg,17,ginkgo
2426,2426.jpg,D:\CV_leaf_identification\leaf_hog_lbp_svm\data\raw\Flavia\2426.jpg,17,ginkgo
2427,2427.jpg,D:\CV_leaf_identification\leaf_hog_lbp_svm\data\raw\Flavia\2427.jpg,17,ginkgo
2428,2428.jpg,D:\CV_leaf_identification\leaf_hog_lbp_svm\data\raw\Flavia\2428.jpg,17,ginkgo
2429,2429.jpg,D:\CV_leaf_identification\leaf_hog_lbp_svm\data\raw\Flavia\2429.jpg,17,ginkgo
2430,2430.jpg,D:\CV_leaf_identification\leaf_hog_lbp_svm\data\raw\Flavia\2430.jpg,17,ginkgo
2431,2431.jpg,D:\CV_leaf_identification\leaf_hog_lbp_svm\data\raw\Flavia\2431.jpg,17,ginkgo
2432,2432.jpg,D:\CV_leaf_identification\leaf_hog_lbp_svm\data\raw\Flavia\2432.jpg,17,ginkgo
2433,2433.jpg,D:\CV_leaf_identification\leaf_hog_lbp_svm\data\raw\Flavia\2433.jpg,17,ginkgo
2434,2434.jpg,D:\CV_leaf_identification\leaf_hog_lbp_svm\data\raw\Flavia\2434.jpg,17,ginkgo
2435,2435.jpg,D:\CV_leaf_identification\leaf_hog_lbp_svm\data\raw\Flavia\2435.jpg,17,ginkgo
2436,2436.jpg,D:\CV_leaf_identification\leaf_hog_lbp_svm\data\raw\Flavia\2436.jpg,17,ginkgo
2437,2437.jpg,D:\CV_leaf_identification\leaf_hog_lbp_svm\data\raw\Flavia\2437.jpg,17,ginkgo
2438,2438.jpg,D:\CV_leaf_identification\leaf_hog_lbp_svm\data\raw\Flavia\2438.jpg,17,ginkgo
2439,2439.jpg,D:\CV_leaf_identification\leaf_hog_lbp_svm\data\raw\Flavia\2439.jpg,17,ginkgo
2440,2440.jpg,D:\CV_leaf_identification\leaf_hog_lbp_svm\data\raw\Flavia\2440.jpg,17,ginkgo
2441,2441.jpg,D:\CV_leaf_identification\leaf_hog_lbp_svm\data\raw\Flavia\2441.jpg,17,ginkgo
2442,2442.jpg,D:\CV_leaf_identification\leaf_hog_lbp_svm\data\raw\Flavia\2442.jpg,17,ginkgo
2443,2443.jpg,D:\CV_leaf_identification\leaf_hog_lbp_svm\data\raw\Flavia\2443.jpg,17,ginkgo
2444,2444.jpg,D:\CV_leaf_identification\leaf_hog_lbp_svm\data\raw\Flavia\2444.jpg,17,ginkgo
2445,2445.jpg,D:\CV_leaf_identification\leaf_hog_lbp_svm\data\raw\Flavia\2445.jpg,17,ginkgo
2446,2446.jpg,D:\CV_leaf_identification\leaf_hog_lbp_svm\data\raw\Flavia\2446.jpg,17,ginkgo
2447,2447.jpg,D:\CV_leaf_identification\leaf_hog_lbp_svm\data\raw\Flavia\2447.jpg,17,ginkgo
2448,2448.jpg,D:\CV_leaf_identification\leaf_hog_lbp_svm\data\raw\Flavia\2448.jpg,17,ginkgo
2449,2449.jpg,D:\CV_leaf_identification\leaf_hog_lbp_svm\data\raw\Flavia\2449.jpg,17,ginkgo
2450,2450.jpg,D:\CV_leaf_identification\leaf_hog_lbp_svm\data\raw\Flavia\2450.jpg,17,ginkgo
2451,2451.jpg,D:\CV_leaf_identification\leaf_hog_lbp_svm\data\raw\Flavia\2451.jpg,17,ginkgo
2452,2452.jpg,D:\CV_leaf_identification\leaf_hog_lbp_svm\data\raw\Flavia\2452.jpg,17,ginkgo
2453,2453.jpg,D:\CV_leaf_identification\leaf_hog_lbp_svm\data\raw\Flavia\2453.jpg,17,ginkgo
2454,2454.jpg,D:\CV_leaf_identification\leaf_hog_lbp_svm\data\raw\Flavia\2454.jpg,17,ginkgo
2455,2455.jpg,D:\CV_leaf_identification\leaf_hog_lbp_svm\data\raw\Flavia\2455.jpg,17,ginkgo
2456,2456.jpg,D:\CV_leaf_identification\leaf_hog_lbp_svm\data\raw\Flavia\2456.jpg,17,ginkgo
2457,2457.jpg,D:\CV_leaf_identification\leaf_hog_lbp_svm\data\raw\Flavia\2457.jpg,17,ginkgo
2458,2458.jpg,D:\CV_leaf_identification\leaf_hog_lbp_svm\data\raw\Flavia\2458.jpg,17,ginkgo
2459,2459.jpg,D:\CV_leaf_identification\leaf_hog_lbp_svm\data\raw\Flavia\2459.jpg,17,ginkgo
2460,2460.jpg,D:\CV_leaf_identification\leaf_hog_lbp_svm\data\raw\Flavia\2460.jpg,17,ginkgo
2461,2461.jpg,D:\CV_leaf_identification\leaf_hog_lbp_svm\data\raw\Flavia\2461.jpg,17,ginkgo
2462,2462.jpg,D:\CV_leaf_identification\leaf_hog_lbp_svm\data\raw\Flavia\2462.jpg,17,ginkgo
2463,2463.jpg,D:\CV_leaf_identification\leaf_hog_lbp_svm\data\raw\Flavia\2463.jpg,17,ginkgo
2464,2464.jpg,D:\CV_leaf_identification\leaf_hog_lbp_svm\data\raw\Flavia\2464.jpg,17,ginkgo
2465,2465.jpg,D:\CV_leaf_identification\leaf_hog_lbp_svm\data\raw\Flavia\2465.jpg,17,ginkgo
2466,2466.jpg,D:\CV_leaf_identification\leaf_hog_lbp_svm\data\raw\Flavia\2466.jpg,17,ginkgo
2467,2467.jpg,D:\CV_leaf_identification\leaf_hog_lbp_svm\data\raw\Flavia\2467.jpg,17,ginkgo
2468,2468.jpg,D:\CV_leaf_identification\leaf_hog_lbp_svm\data\raw\Flavia\2468.jpg,17,ginkgo
2469,2469.jpg,D:\CV_leaf_identification\leaf_hog_lbp_svm\data\raw\Flavia\2469.jpg,17,ginkgo
2470,2470.jpg,D:\CV_leaf_identification\leaf_hog_lbp_svm\data\raw\Flavia\2470.jpg,17,ginkgo
2471,2471.jpg,D:\CV_leaf_identification\leaf_hog_lbp_svm\data\raw\Flavia\2471.jpg,17,ginkgo
2472,2472.jpg,D:\CV_leaf_identification\leaf_hog_lbp_svm\data\raw\Flavia\2472.jpg,17,ginkgo
2473,2473.jpg,D:\CV_leaf_identification\leaf_hog_lbp_svm\data\raw\Flavia\2473.jpg,17,ginkgo
2474,2474.jpg,D:\CV_leaf_identification\leaf_hog_lbp_svm\data\raw\Flavia\2474.jpg,17,ginkgo
2475,2475.jpg,D:\CV_leaf_identification\leaf_hog_lbp_svm\data\raw\Flavia\2475.jpg,17,ginkgo
2476,2476.jpg,D:\CV_leaf_identification\leaf_hog_lbp_svm\data\raw\Flavia\2476.jpg,17,ginkgo
2477,2477.jpg,D:\CV_leaf_identification\leaf_hog_lbp_svm\data\raw\Flavia\2477.jpg,17,ginkgo
2478,2478.jpg,D:\CV_leaf_identification\leaf_hog_lbp_svm\data\raw\Flavia\2478.jpg,17,ginkgo
2479,2479.jpg,D:\CV_leaf_identification\leaf_hog_lbp_svm\data\raw\Flavia\2479.jpg,17,ginkgo
2480,2480.jpg,D:\CV_leaf_identification\leaf_hog_lbp_svm\data\raw\Flavia\2480.jpg,17,ginkgo
2481,2481.jpg,D:\CV_leaf_identification\leaf_hog_lbp_svm\data\raw\Flavia\2481.jpg,17,ginkgo
2482,2482.jpg,D:\CV_leaf_identification\leaf_hog_lbp_svm\data\raw\Flavia\2482.jpg,17,ginkgo
2483,2483.jpg,D:\CV_leaf_identification\leaf_hog_lbp_svm\data\raw\Flavia\2483.jpg,17,ginkgo
2484,2484.jpg,D:\CV_leaf_identification\leaf_hog_lbp_svm\data\raw\Flavia\2484.jpg,17,ginkgo
2485,2485.jpg,D:\CV_leaf_identification\leaf_hog_lbp_svm\data\raw\Flavia\2485.jpg,17,ginkgo
2486,2486.jpg,D:\CV_leaf_identification\leaf_hog_lbp_svm\data\raw\Flavia\2486.jpg,18,crape_myrtle
2487,2487.jpg,D:\CV_leaf_identification\leaf_hog_lbp_svm\data\raw\Flavia\2487.jpg,18,crape_myrtle
2488,2488.jpg,D:\CV_leaf_identification\leaf_hog_lbp_svm\data\raw\Flavia\2488.jpg,18,crape_myrtle
2489,2489.jpg,D:\CV_leaf_identification\leaf_hog_lbp_svm\data\raw\Flavia\2489.jpg,18,crape_myrtle
2490,2490.jpg,D:\CV_leaf_identification\leaf_hog_lbp_svm\data\raw\Flavia\2490.jpg,18,crape_myrtle
2491,2491.jpg,D:\CV_leaf_identification\leaf_hog_lbp_svm\data\raw\Flavia\2491.jpg,18,crape_myrtle
2492,2492.jpg,D:\CV_leaf_identification\leaf_hog_lbp_svm\data\raw\Flavia\2492.jpg,18,crape_myrtle
2493,2493.jpg,D:\CV_leaf_identification\leaf_hog_lbp_svm\data\raw\Flavia\2493.jpg,18,crape_myrtle
2494,2494.jpg,D:\CV_leaf_identification\leaf_hog_lbp_svm\data\raw\Flavia\2494.jpg,18,crape_myrtle
2495,2495.jpg,D:\CV_leaf_identification\leaf_hog_lbp_svm\data\raw\Flavia\2495.jpg,18,crape_myrtle
2496,2496.jpg,D:\CV_leaf_identification\leaf_hog_lbp_svm\data\raw\Flavia\2496.jpg,18,crape_myrtle
2497,2497.jpg,D:\CV_leaf_identification\leaf_hog_lbp_svm\data\raw\Flavia\2497.jpg,18,crape_myrtle
2498,2498.jpg,D:\CV_leaf_identification\leaf_hog_lbp_svm\data\raw\Flavia\2498.jpg,18,crape_myrtle
2499,2499.jpg,D:\CV_leaf_identification\leaf_hog_lbp_svm\data\raw\Flavia\2499.jpg,18,crape_myrtle
2500,2500.jpg,D:\CV_leaf_identification\leaf_hog_lbp_svm\data\raw\Flavia\2500.jpg,18,crape_myrtle
2501,2501.jpg,D:\CV_leaf_identification\leaf_hog_lbp_svm\data\raw\Flavia\2501.jpg,18,crape_myrtle
2502,2502.jpg,D:\CV_leaf_identification\leaf_hog_lbp_svm\data\raw\Flavia\2502.jpg,18,crape_myrtle
2503,2503.jpg,D:\CV_leaf_identification\leaf_hog_lbp_svm\data\raw\Flavia\2503.jpg,18,crape_myrtle
2504,2504.jpg,D:\CV_leaf_identification\leaf_hog_lbp_svm\data\raw\Flavia\2504.jpg,18,crape_myrtle
2505,2505.jpg,D:\CV_leaf_identification\leaf_hog_lbp_svm\data\raw\Flavia\2505.jpg,18,crape_myrtle
2506,2506.jpg,D:\CV_leaf_identification\leaf_hog_lbp_svm\data\raw\Flavia\2506.jpg,18,crape_myrtle
2507,2507.jpg,D:\CV_leaf_identification\leaf_hog_lbp_svm\data\raw\Flavia\2507.jpg,18,crape_myrtle
2508,2508.jpg,D:\CV_leaf_identification\leaf_hog_lbp_svm\data\raw\Flavia\2508.jpg,18,crape_myrtle
2509,2509.jpg,D:\CV_leaf_identification\leaf_hog_lbp_svm\data\raw\Flavia\2509.jpg,18,crape_myrtle
2510,2510.jpg,D:\CV_leaf_identification\leaf_hog_lbp_svm\data\raw\Flavia\2510.jpg,18,crape_myrtle
2511,2511.jpg,D:\CV_leaf_identification\leaf_hog_lbp_svm\data\raw\Flavia\2511.jpg,18,crape_myrtle
2512,2512.jpg,D:\CV_leaf_identification\leaf_hog_lbp_svm\data\raw\Flavia\2512.jpg,18,crape_myrtle
2513,2513.jpg,D:\CV_leaf_identification\leaf_hog_lbp_svm\data\raw\Flavia\2513.jpg,18,crape_myrtle
2514,2514.jpg,D:\CV_leaf_identification\leaf_hog_lbp_svm\data\raw\Flavia\2514.jpg,18,crape_myrtle
2515,2515.jpg,D:\CV_leaf_identification\leaf_hog_lbp_svm\data\raw\Flavia\2515.jpg,18,crape_myrtle
2516,2516.jpg,D:\CV_leaf_identification\leaf_hog_lbp_svm\data\raw\Flavia\2516.jpg,18,crape_myrtle
2517,2517.jpg,D:\CV_leaf_identification\leaf_hog_lbp_svm\data\raw\Flavia\2517.jpg,18,crape_myrtle
2518,2518.jpg,D:\CV_leaf_identification\leaf_hog_lbp_svm\data\raw\Flavia\2518.jpg,18,crape_myrtle
2519,2519.jpg,D:\CV_leaf_identification\leaf_hog_lbp_svm\data\raw\Flavia\2519.jpg,18,crape_myrtle
2520,2520.jpg,D:\CV_leaf_identification\leaf_hog_lbp_svm\data\raw\Flavia\2520.jpg,18,crape_myrtle
2521,2521.jpg,D:\CV_leaf_identification\leaf_hog_lbp_svm\data\raw\Flavia\2521.jpg,18,crape_myrtle
2522,2522.jpg,D:\CV_leaf_identification\leaf_hog_lbp_svm\data\raw\Flavia\2522.jpg,18,crape_myrtle
2523,2523.jpg,D:\CV_leaf_identification\leaf_hog_lbp_svm\data\raw\Flavia\2523.jpg,18,crape_myrtle
2524,2524.jpg,D:\CV_leaf_identification\leaf_hog_lbp_svm\data\raw\Flavia\2524.jpg,18,crape_myrtle
2525,2525.jpg,D:\CV_leaf_identification\leaf_hog_lbp_svm\data\raw\Flavia\2525.jpg,18,crape_myrtle
2526,2526.jpg,D:\CV_leaf_identification\leaf_hog_lbp_svm\data\raw\Flavia\2526.jpg,18,crape_myrtle
2527,2527.jpg,D:\CV_leaf_identification\leaf_hog_lbp_svm\data\raw\Flavia\2527.jpg,18,crape_myrtle
2528,2528.jpg,D:\CV_leaf_identification\leaf_hog_lbp_svm\data\raw\Flavia\2528.jpg,18,crape_myrtle
2529,2529.jpg,D:\CV_leaf_identification\leaf_hog_lbp_svm\data\raw\Flavia\2529.jpg,18,crape_myrtle
2530,2530.jpg,D:\CV_leaf_identification\leaf_hog_lbp_svm\data\raw\Flavia\2530.jpg,18,crape_myrtle
2531,2531.jpg,D:\CV_leaf_identification\leaf_hog_lbp_svm\data\raw\Flavia\2531.jpg,18,crape_myrtle
2532,2532.jpg,D:\CV_leaf_identification\leaf_hog_lbp_svm\data\raw\Flavia\2532.jpg,18,crape_myrtle
2533,2533.jpg,D:\CV_leaf_identification\leaf_hog_lbp_svm\data\raw\Flavia\2533.jpg,18,crape_myrtle
2534,2534.jpg,D:\CV_leaf_identification\leaf_hog_lbp_svm\data\raw\Flavia\2534.jpg,18,crape_myrtle
2535,2535.jpg,D:\CV_leaf_identification\leaf_hog_lbp_svm\data\raw\Flavia\2535.jpg,18,crape_myrtle
2536,2536.jpg,D:\CV_leaf_identification\leaf_hog_lbp_svm\data\raw\Flavia\2536.jpg,18,crape_myrtle
2537,2537.jpg,D:\CV_leaf_identification\leaf_hog_lbp_svm\data\raw\Flavia\2537.jpg,18,crape_myrtle
2538,2538.jpg,D:\CV_leaf_identification\leaf_hog_lbp_svm\data\raw\Flavia\2538.jpg,18,crape_myrtle
2539,2539.jpg,D:\CV_leaf_identification\leaf_hog_lbp_svm\data\raw\Flavia\2539.jpg,18,crape_myrtle
2540,2540.jpg,D:\CV_leaf_identification\leaf_hog_lbp_svm\data\raw\Flavia\2540.jpg,18,crape_myrtle
2541,2541.jpg,D:\CV_leaf_identification\leaf_hog_lbp_svm\data\raw\Flavia\2541.jpg,18,crape_myrtle
2542,2542.jpg,D:\CV_leaf_identification\leaf_hog_lbp_svm\data\raw\Flavia\2542.jpg,18,crape_myrtle
2543,2543.jpg,D:\CV_leaf_identification\leaf_hog_lbp_svm\data\raw\Flavia\2543.jpg,18,crape_myrtle
2544,2544.jpg,D:\CV_leaf_identification\leaf_hog_lbp_svm\data\raw\Flavia\2544.jpg,18,crape_myrtle
2545,2545.jpg,D:\CV_leaf_identification\leaf_hog_lbp_svm\data\raw\Flavia\2545.jpg,18,crape_myrtle
2546,2546.jpg,D:\CV_leaf_identification\leaf_hog_lbp_svm\data\raw\Flavia\2546.jpg,18,crape_myrtle
2547,2547.jpg,D:\CV_leaf_identification\leaf_hog_lbp_svm\data\raw\Flavia\2547.jpg,19,oleander
2548,2548.jpg,D:\CV_leaf_identification\leaf_hog_lbp_svm\data\raw\Flavia\2548.jpg,19,oleander
2549,2549.jpg,D:\CV_leaf_identification\leaf_hog_lbp_svm\data\raw\Flavia\2549.jpg,19,oleander
2550,2550.jpg,D:\CV_leaf_identification\leaf_hog_lbp_svm\data\raw\Flavia\2550.jpg,19,oleander
2551,2551.jpg,D:\CV_leaf_identification\leaf_hog_lbp_svm\data\raw\Flavia\2551.jpg,19,oleander
2552,2552.jpg,D:\CV_leaf_identification\leaf_hog_lbp_svm\data\raw\Flavia\2552.jpg,19,oleander
2553,2553.jpg,D:\CV_leaf_identification\leaf_hog_lbp_svm\data\raw\Flavia\2553.jpg,19,oleander
2554,2554.jpg,D:\CV_leaf_identification\leaf_hog_lbp_svm\data\raw\Flavia\2554.jpg,19,oleander
2555,2555.jpg,D:\CV_leaf_identification\leaf_hog_lbp_svm\data\raw\Flavia\2555.jpg,19,oleander
2556,2556.jpg,D:\CV_leaf_identification\leaf_hog_lbp_svm\data\raw\Flavia\2556.jpg,19,oleander
2557,2557.jpg,D:\CV_leaf_identification\leaf_hog_lbp_svm\data\raw\Flavia\2557.jpg,19,oleander
2558,2558.jpg,D:\CV_leaf_identification\leaf_hog_lbp_svm\data\raw\Flavia\2558.jpg,19,oleander
2559,2559.jpg,D:\CV_leaf_identification\leaf_hog_lbp_svm\data\raw\Flavia\2559.jpg,19,oleander
2560,2560.jpg,D:\CV_leaf_identification\leaf_hog_lbp_svm\data\raw\Flavia\2560.jpg,19,oleander
2561,2561.jpg,D:\CV_leaf_identification\leaf_hog_lbp_svm\data\raw\Flavia\2561.jpg,19,oleander
2562,2562.jpg,D:\CV_leaf_identification\leaf_hog_lbp_svm\data\raw\Flavia\2562.jpg,19,oleander
2563,2563.jpg,D:\CV_leaf_identification\leaf_hog_lbp_svm\data\raw\Flavia\2563.jpg,19,oleander
2564,2564.jpg,D:\CV_leaf_identification\leaf_hog_lbp_svm\data\raw\Flavia\2564.jpg,19,oleander
2565,2565.jpg,D:\CV_leaf_identification\leaf_hog_lbp_svm\data\raw\Flavia\2565.jpg,19,oleander
2566,2566.jpg,D:\CV_leaf_identification\leaf_hog_lbp_svm\data\raw\Flavia\2566.jpg,19,oleander
2567,2567.jpg,D:\CV_leaf_identification\leaf_hog_lbp_svm\data\raw\Flavia\2567.jpg,19,oleander
2568,2568.jpg,D:\CV_leaf_identification\leaf_hog_lbp_svm\data\raw\Flavia\2568.jpg,19,oleander
2569,2569.jpg,D:\CV_leaf_identification\leaf_hog_lbp_svm\data\raw\Flavia\2569.jpg,19,oleander
2570,2570.jpg,D:\CV_leaf_identification\leaf_hog_lbp_svm\data\raw\Flavia\2570.jpg,19,oleander
2571,2571.jpg,D:\CV_leaf_identification\leaf_hog_lbp_svm\data\raw\Flavia\2571.jpg,19,oleander
2572,2572.jpg,D:\CV_leaf_identification\leaf_hog_lbp_svm\data\raw\Flavia\2572.jpg,19,oleander
2573,2573.jpg,D:\CV_leaf_identification\leaf_hog_lbp_svm\data\raw\Flavia\2573.jpg,19,oleander
2574,2574.jpg,D:\CV_leaf_identification\leaf_hog_lbp_svm\data\raw\Flavia\2574.jpg,19,oleander
2575,2575.jpg,D:\CV_leaf_identification\leaf_hog_lbp_svm\data\raw\Flavia\2575.jpg,19,oleander
2576,2576.jpg,D:\CV_leaf_identification\leaf_hog_lbp_svm\data\raw\Flavia\2576.jpg,19,oleander
2577,2577.jpg,D:\CV_leaf_identification\leaf_hog_lbp_svm\data\raw\Flavia\2577.jpg,19,oleander
2578,2578.jpg,D:\CV_leaf_identification\leaf_hog_lbp_svm\data\raw\Flavia\2578.jpg,19,oleander
2579,2579.jpg,D:\CV_leaf_identification\leaf_hog_lbp_svm\data\raw\Flavia\2579.jpg,19,oleander
2580,2580.jpg,D:\CV_leaf_identification\leaf_hog_lbp_svm\data\raw\Flavia\2580.jpg,19,oleander
2581,2581.jpg,D:\CV_leaf_identification\leaf_hog_lbp_svm\data\raw\Flavia\2581.jpg,19,oleander
2582,2582.jpg,D:\CV_leaf_identification\leaf_hog_lbp_svm\data\raw\Flavia\2582.jpg,19,oleander
2583,2583.jpg,D:\CV_leaf_identification\leaf_hog_lbp_svm\data\raw\Flavia\2583.jpg,19,oleander
2584,2584.jpg,D:\CV_leaf_identification\leaf_hog_lbp_svm\data\raw\Flavia\2584.jpg,19,oleander
2585,2585.jpg,D:\CV_leaf_identification\leaf_hog_lbp_svm\data\raw\Flavia\2585.jpg,19,oleander
2586,2586.jpg,D:\CV_leaf_identification\leaf_hog_lbp_svm\data\raw\Flavia\2586.jpg,19,oleander
2587,2587.jpg,D:\CV_leaf_identification\leaf_hog_lbp_svm\data\raw\Flavia\2587.jpg,19,oleander
2588,2588.jpg,D:\CV_leaf_identification\leaf_hog_lbp_svm\data\raw\Flavia\2588.jpg,19,oleander
2589,2589.jpg,D:\CV_leaf_identification\leaf_hog_lbp_svm\data\raw\Flavia\2589.jpg,19,oleander
2590,2590.jpg,D:\CV_leaf_identification\leaf_hog_lbp_svm\data\raw\Flavia\2590.jpg,19,oleander
2591,2591.jpg,D:\CV_leaf_identification\leaf_hog_lbp_svm\data\raw\Flavia\2591.jpg,19,oleander
2592,2592.jpg,D:\CV_leaf_identification\leaf_hog_lbp_svm\data\raw\Flavia\2592.jpg,19,oleander
2593,2593.jpg,D:\CV_leaf_identification\leaf_hog_lbp_svm\data\raw\Flavia\2593.jpg,19,oleander
2594,2594.jpg,D:\CV_leaf_identification\leaf_hog_lbp_svm\data\raw\Flavia\2594.jpg,19,oleander
2595,2595.jpg,D:\CV_leaf_identification\leaf_hog_lbp_svm\data\raw\Flavia\2595.jpg,19,oleander
2596,2596.jpg,D:\CV_leaf_identification\leaf_hog_lbp_svm\data\raw\Flavia\2596.jpg,19,oleander
2597,2597.jpg,D:\CV_leaf_identification\leaf_hog_lbp_svm\data\raw\Flavia\2597.jpg,19,oleander
2598,2598.jpg,D:\CV_leaf_identification\leaf_hog_lbp_svm\data\raw\Flavia\2598.jpg,19,oleander
2599,2599.jpg,D:\CV_leaf_identification\leaf_hog_lbp_svm\data\raw\Flavia\2599.jpg,19,oleander
2600,2600.jpg,D:\CV_leaf_identification\leaf_hog_lbp_svm\data\raw\Flavia\2600.jpg,19,oleander
2601,2601.jpg,D:\CV_leaf_identification\leaf_hog_lbp_svm\data\raw\Flavia\2601.jpg,19,oleander
2602,2602.jpg,D:\CV_leaf_identification\leaf_hog_lbp_svm\data\raw\Flavia\2602.jpg,19,oleander
2603,2603.jpg,D:\CV_leaf_identification\leaf_hog_lbp_svm\data\raw\Flavia\2603.jpg,19,oleander
2604,2604.jpg,D:\CV_leaf_identification\leaf_hog_lbp_svm\data\raw\Flavia\2604.jpg,19,oleander
2605,2605.jpg,D:\CV_leaf_identification\leaf_hog_lbp_svm\data\raw\Flavia\2605.jpg,19,oleander
2606,2606.jpg,D:\CV_leaf_identification\leaf_hog_lbp_svm\data\raw\Flavia\2606.jpg,19,oleander
2607,2607.jpg,D:\CV_leaf_identification\leaf_hog_lbp_svm\data\raw\Flavia\2607.jpg,19,oleander
2608,2608.jpg,D:\CV_leaf_identification\leaf_hog_lbp_svm\data\raw\Flavia\2608.jpg,19,oleander
2609,2609.jpg,D:\CV_leaf_identification\leaf_hog_lbp_svm\data\raw\Flavia\2609.jpg,19,oleander
2610,2610.jpg,D:\CV_leaf_identification\leaf_hog_lbp_svm\data\raw\Flavia\2610.jpg,19,oleander
2611,2611.jpg,D:\CV_leaf_identification\leaf_hog_lbp_svm\data\raw\Flavia\2611.jpg,19,oleander
2612,2612.jpg,D:\CV_leaf_identification\leaf_hog_lbp_svm\data\raw\Flavia\2612.jpg,19,oleander
2616,2616.jpg,D:\CV_leaf_identification\leaf_hog_lbp_svm\data\raw\Flavia\2616.jpg,20,yew_plum_pine
2617,2617.jpg,D:\CV_leaf_identification\leaf_hog_lbp_svm\data\raw\Flavia\2617.jpg,20,yew_plum_pine
2618,2618.jpg,D:\CV_leaf_identification\leaf_hog_lbp_svm\data\raw\Flavia\2618.jpg,20,yew_plum_pine
2619,2619.jpg,D:\CV_leaf_identification\leaf_hog_lbp_svm\data\raw\Flavia\2619.jpg,20,yew_plum_pine
2620,2620.jpg,D:\CV_leaf_identification\leaf_hog_lbp_svm\data\raw\Flavia\2620.jpg,20,yew_plum_pine
2621,2621.jpg,D:\CV_leaf_identification\leaf_hog_lbp_svm\data\raw\Flavia\2621.jpg,20,yew_plum_pine
2622,2622.jpg,D:\CV_leaf_identification\leaf_hog_lbp_svm\data\raw\Flavia\2622.jpg,20,yew_plum_pine
2623,2623.jpg,D:\CV_leaf_identification\leaf_hog_lbp_svm\data\raw\Flavia\2623.jpg,20,yew_plum_pine
2624,2624.jpg,D:\CV_leaf_identification\leaf_hog_lbp_svm\data\raw\Flavia\2624.jpg,20,yew_plum_pine
2625,2625.jpg,D:\CV_leaf_identification\leaf_hog_lbp_svm\data\raw\Flavia\2625.jpg,20,yew_plum_pine
2626,2626.jpg,D:\CV_leaf_identification\leaf_hog_lbp_svm\data\raw\Flavia\2626.jpg,20,yew_plum_pine
2627,2627.jpg,D:\CV_leaf_identification\leaf_hog_lbp_svm\data\raw\Flavia\2627.jpg,20,yew_plum_pine
2628,2628.jpg,D:\CV_leaf_identification\leaf_hog_lbp_svm\data\raw\Flavia\2628.jpg,20,yew_plum_pine
2629,2629.jpg,D:\CV_leaf_identification\leaf_hog_lbp_svm\data\raw\Flavia\2629.jpg,20,yew_plum_pine
2630,2630.jpg,D:\CV_leaf_identification\leaf_hog_lbp_svm\data\raw\Flavia\2630.jpg,20,yew_plum_pine
2631,2631.jpg,D:\CV_leaf_identification\leaf_hog_lbp_svm\data\raw\Flavia\2631.jpg,20,yew_plum_pine
2632,2632.jpg,D:\CV_leaf_identification\leaf_hog_lbp_svm\data\raw\Flavia\2632.jpg,20,yew_plum_pine
2633,2633.jpg,D:\CV_leaf_identification\leaf_hog_lbp_svm\data\raw\Flavia\2633.jpg,20,yew_plum_pine
2634,2634.jpg,D:\CV_leaf_identification\leaf_hog_lbp_svm\data\raw\Flavia\2634.jpg,20,yew_plum_pine
2635,2635.jpg,D:\CV_leaf_identification\leaf_hog_lbp_svm\data\raw\Flavia\2635.jpg,20,yew_plum_pine
2636,2636.jpg,D:\CV_leaf_identification\leaf_hog_lbp_svm\data\raw\Flavia\2636.jpg,20,yew_plum_pine
2637,2637.jpg,D:\CV_leaf_identification\leaf_hog_lbp_svm\data\raw\Flavia\2637.jpg,20,yew_plum_pine
2638,2638.jpg,D:\CV_leaf_identification\leaf_hog_lbp_svm\data\raw\Flavia\2638.jpg,20,yew_plum_pine
2639,2639.jpg,D:\CV_leaf_identification\leaf_hog_lbp_svm\data\raw\Flavia\2639.jpg,20,yew_plum_pine
2640,2640.jpg,D:\CV_leaf_identification\leaf_hog_lbp_svm\data\raw\Flavia\2640.jpg,20,yew_plum_pine
2641,2641.jpg,D:\CV_leaf_identification\leaf_hog_lbp_svm\data\raw\Flavia\2641.jpg,20,yew_plum_pine
2642,2642.jpg,D:\CV_leaf_identification\leaf_hog_lbp_svm\data\raw\Flavia\2642.jpg,20,yew_plum_pine
2643,2643.jpg,D:\CV_leaf_identification\leaf_hog_lbp_svm\data\raw\Flavia\2643.jpg,20,yew_plum_pine
2644,2644.jpg,D:\CV_leaf_identification\leaf_hog_lbp_svm\data\raw\Flavia\2644.jpg,20,yew_plum_pine
2645,2645.jpg,D:\CV_leaf_identification\leaf_hog_lbp_svm\data\raw\Flavia\2645.jpg,20,yew_plum_pine
2646,2646.jpg,D:\CV_leaf_identification\leaf_hog_lbp_svm\data\raw\Flavia\2646.jpg,20,yew_plum_pine
2647,2647.jpg,D:\CV_leaf_identification\leaf_hog_lbp_svm\data\raw\Flavia\2647.jpg,20,yew_plum_pine
2648,2648.jpg,D:\CV_leaf_identification\leaf_hog_lbp_svm\data\raw\Flavia\2648.jpg,20,yew_plum_pine
2649,2649.jpg,D:\CV_leaf_identification\leaf_hog_lbp_svm\data\raw\Flavia\2649.jpg,20,yew_plum_pine
2650,2650.jpg,D:\CV_leaf_identification\leaf_hog_lbp_svm\data\raw\Flavia\2650.jpg,20,yew_plum_pine
2651,2651.jpg,D:\CV_leaf_identification\leaf_hog_lbp_svm\data\raw\Flavia\2651.jpg,20,yew_plum_pine
2652,2652.jpg,D:\CV_leaf_identification\leaf_hog_lbp_svm\data\raw\Flavia\2652.jpg,20,yew_plum_pine
2653,2653.jpg,D:\CV_leaf_identification\leaf_hog_lbp_svm\data\raw\Flavia\2653.jpg,20,yew_plum_pine
2654,2654.jpg,D:\CV_leaf_identification\leaf_hog_lbp_svm\data\raw\Flavia\2654.jpg,20,yew_plum_pine
2655,2655.jpg,D:\CV_leaf_identification\leaf_hog_lbp_svm\data\raw\Flavia\2655.jpg,20,yew_plum_pine
2656,2656.jpg,D:\CV_leaf_identification\leaf_hog_lbp_svm\data\raw\Flavia\2656.jpg,20,yew_plum_pine
2657,2657.jpg,D:\CV_leaf_identification\leaf_hog_lbp_svm\data\raw\Flavia\2657.jpg,20,yew_plum_pine
2658,2658.jpg,D:\CV_leaf_identification\leaf_hog_lbp_svm\data\raw\Flavia\2658.jpg,20,yew_plum_pine
2659,2659.jpg,D:\CV_leaf_identification\leaf_hog_lbp_svm\data\raw\Flavia\2659.jpg,20,yew_plum_pine
2660,2660.jpg,D:\CV_leaf_identification\leaf_hog_lbp_svm\data\raw\Flavia\2660.jpg,20,yew_plum_pine
2661,2661.jpg,D:\CV_leaf_identification\leaf_hog_lbp_svm\data\raw\Flavia\2661.jpg,20,yew_plum_pine
2662,2662.jpg,D:\CV_leaf_identification\leaf_hog_lbp_svm\data\raw\Flavia\2662.jpg,20,yew_plum_pine
2663,2663.jpg,D:\CV_leaf_identification\leaf_hog_lbp_svm\data\raw\Flavia\2663.jpg,20,yew_plum_pine
2664,2664.jpg,D:\CV_leaf_identification\leaf_hog_lbp_svm\data\raw\Flavia\2664.jpg,20,yew_plum_pine
2665,2665.jpg,D:\CV_leaf_identification\leaf_hog_lbp_svm\data\raw\Flavia\2665.jpg,20,yew_plum_pine
2666,2666.jpg,D:\CV_leaf_identification\leaf_hog_lbp_svm\data\raw\Flavia\2666.jpg,20,yew_plum_pine
2667,2667.jpg,D:\CV_leaf_identification\leaf_hog_lbp_svm\data\raw\Flavia\2667.jpg,20,yew_plum_pine
2668,2668.jpg,D:\CV_leaf_identification\leaf_hog_lbp_svm\data\raw\Flavia\2668.jpg,20,yew_plum_pine
2669,2669.jpg,D:\CV_leaf_identification\leaf_hog_lbp_svm\data\raw\Flavia\2669.jpg,20,yew_plum_pine
2670,2670.jpg,D:\CV_leaf_identification\leaf_hog_lbp_svm\data\raw\Flavia\2670.jpg,20,yew_plum_pine
2671,2671.jpg,D:\CV_leaf_identification\leaf_hog_lbp_svm\data\raw\Flavia\2671.jpg,20,yew_plum_pine
2672,2672.jpg,D:\CV_leaf_identification\leaf_hog_lbp_svm\data\raw\Flavia\2672.jpg,20,yew_plum_pine
2673,2673.jpg,D:\CV_leaf_identification\leaf_hog_lbp_svm\data\raw\Flavia\2673.jpg,20,yew_plum_pine
2674,2674.jpg,D:\CV_leaf_identification\leaf_hog_lbp_svm\data\raw\Flavia\2674.jpg,20,yew_plum_pine
2675,2675.jpg,D:\CV_leaf_identification\leaf_hog_lbp_svm\data\raw\Flavia\2675.jpg,20,yew_plum_pine
3001,3001.jpg,D:\CV_leaf_identification\leaf_hog_lbp_svm\data\raw\Flavia\3001.jpg,21,japanese_flowering_cherry
3002,3002.jpg,D:\CV_leaf_identification\leaf_hog_lbp_svm\data\raw\Flavia\3002.jpg,21,japanese_flowering_cherry
3003,3003.jpg,D:\CV_leaf_identification\leaf_hog_lbp_svm\data\raw\Flavia\3003.jpg,21,japanese_flowering_cherry
3004,3004.jpg,D:\CV_leaf_identification\leaf_hog_lbp_svm\data\raw\Flavia\3004.jpg,21,japanese_flowering_cherry
3005,3005.jpg,D:\CV_leaf_identification\leaf_hog_lbp_svm\data\raw\Flavia\3005.jpg,21,japanese_flowering_cherry
3006,3006.jpg,D:\CV_leaf_identification\leaf_hog_lbp_svm\data\raw\Flavia\3006.jpg,21,japanese_flowering_cherry
3007,3007.jpg,D:\CV_leaf_identification\leaf_hog_lbp_svm\data\raw\Flavia\3007.jpg,21,japanese_flowering_cherry
3008,3008.jpg,D:\CV_leaf_identification\leaf_hog_lbp_svm\data\raw\Flavia\3008.jpg,21,japanese_flowering_cherry
3009,3009.jpg,D:\CV_leaf_identification\leaf_hog_lbp_svm\data\raw\Flavia\3009.jpg,21,japanese_flowering_cherry
3010,3010.jpg,D:\CV_leaf_identification\leaf_hog_lbp_svm\data\raw\Flavia\3010.jpg,21,japanese_flowering_cherry
3011,3011.jpg,D:\CV_leaf_identification\leaf_hog_lbp_svm\data\raw\Flavia\3011.jpg,21,japanese_flowering_cherry
3012,3012.jpg,D:\CV_leaf_identification\leaf_hog_lbp_svm\data\raw\Flavia\3012.jpg,21,japanese_flowering_cherry
3013,3013.jpg,D:\CV_leaf_identification\leaf_hog_lbp_svm\data\raw\Flavia\3013.jpg,21,japanese_flowering_cherry
3014,3014.jpg,D:\CV_leaf_identification\leaf_hog_lbp_svm\data\raw\Flavia\3014.jpg,21,japanese_flowering_cherry
3015,3015.jpg,D:\CV_leaf_identification\leaf_hog_lbp_svm\data\raw\Flavia\3015.jpg,21,japanese_flowering_cherry
3016,3016.jpg,D:\CV_leaf_identification\leaf_hog_lbp_svm\data\raw\Flavia\3016.jpg,21,japanese_flowering_cherry
3017,3017.jpg,D:\CV_leaf_identification\leaf_hog_lbp_svm\data\raw\Flavia\3017.jpg,21,japanese_flowering_cherry
3018,3018.jpg,D:\CV_leaf_identification\leaf_hog_lbp_svm\data\raw\Flavia\3018.jpg,21,japanese_flowering_cherry
3019,3019.jpg,D:\CV_leaf_identification\leaf_hog_lbp_svm\data\raw\Flavia\3019.jpg,21,japanese_flowering_cherry
3020,3020.jpg,D:\CV_leaf_identification\leaf_hog_lbp_svm\data\raw\Flavia\3020.jpg,21,japanese_flowering_cherry
3021,3021.jpg,D:\CV_leaf_identification\leaf_hog_lbp_svm\data\raw\Flavia\3021.jpg,21,japanese_flowering_cherry
3022,3022.jpg,D:\CV_leaf_identification\leaf_hog_lbp_svm\data\raw\Flavia\3022.jpg,21,japanese_flowering_cherry
3023,3023.jpg,D:\CV_leaf_identification\leaf_hog_lbp_svm\data\raw\Flavia\3023.jpg,21,japanese_flowering_cherry
3024,3024.jpg,D:\CV_leaf_identification\leaf_hog_lbp_svm\data\raw\Flavia\3024.jpg,21,japanese_flowering_cherry
3025,3025.jpg,D:\CV_leaf_identification\leaf_hog_lbp_svm\data\raw\Flavia\3025.jpg,21,japanese_flowering_cherry
3026,3026.jpg,D:\CV_leaf_identification\leaf_hog_lbp_svm\data\raw\Flavia\3026.jpg,21,japanese_flowering_cherry
3027,3027.jpg,D:\CV_leaf_identification\leaf_hog_lbp_svm\data\raw\Flavia\3027.jpg,21,japanese_flowering_cherry
3028,3028.jpg,D:\CV_leaf_identification\leaf_hog_lbp_svm\data\raw\Flavia\3028.jpg,21,japanese_flowering_cherry
3029,3029.jpg,D:\CV_leaf_identification\leaf_hog_lbp_svm\data\raw\Flavia\3029.jpg,21,japanese_flowering_cherry
3030,3030.jpg,D:\CV_leaf_identification\leaf_hog_lbp_svm\data\raw\Flavia\3030.jpg,21,japanese_flowering_cherry
3031,3031.jpg,D:\CV_leaf_identification\leaf_hog_lbp_svm\data\raw\Flavia\3031.jpg,21,japanese_flowering_cherry
3032,3032.jpg,D:\CV_leaf_identification\leaf_hog_lbp_svm\data\raw\Flavia\3032.jpg,21,japanese_flowering_cherry
3033,3033.jpg,D:\CV_leaf_identification\leaf_hog_lbp_svm\data\raw\Flavia\3033.jpg,21,japanese_flowering_cherry
3034,3034.jpg,D:\CV_leaf_identification\leaf_hog_lbp_svm\data\raw\Flavia\3034.jpg,21,japanese_flowering_cherry
3035,3035.jpg,D:\CV_leaf_identification\leaf_hog_lbp_svm\data\raw\Flavia\3035.jpg,21,japanese_flowering_cherry
3036,3036.jpg,D:\CV_leaf_identification\leaf_hog_lbp_svm\data\raw\Flavia\3036.jpg,21,japanese_flowering_cherry
3037,3037.jpg,D:\CV_leaf_identification\leaf_hog_lbp_svm\data\raw\Flavia\3037.jpg,21,japanese_flowering_cherry
3038,3038.jpg,D:\CV_leaf_identification\leaf_hog_lbp_svm\data\raw\Flavia\3038.jpg,21,japanese_flowering_cherry
3039,3039.jpg,D:\CV_leaf_identification\leaf_hog_lbp_svm\data\raw\Flavia\3039.jpg,21,japanese_flowering_cherry
3040,3040.jpg,D:\CV_leaf_identification\leaf_hog_lbp_svm\data\raw\Flavia\3040.jpg,21,japanese_flowering_cherry
3041,3041.jpg,D:\CV_leaf_identification\leaf_hog_lbp_svm\data\raw\Flavia\3041.jpg,21,japanese_flowering_cherry
3042,3042.jpg,D:\CV_leaf_identification\leaf_hog_lbp_svm\data\raw\Flavia\3042.jpg,21,japanese_flowering_cherry
3043,3043.jpg,D:\CV_leaf_identification\leaf_hog_lbp_svm\data\raw\Flavia\3043.jpg,21,japanese_flowering_cherry
3044,3044.jpg,D:\CV_leaf_identification\leaf_hog_lbp_svm\data\raw\Flavia\3044.jpg,21,japanese_flowering_cherry
3045,3045.jpg,D:\CV_leaf_identification\leaf_hog_lbp_svm\data\raw\Flavia\3045.jpg,21,japanese_flowering_cherry
3046,3046.jpg,D:\CV_leaf_identification\leaf_hog_lbp_svm\data\raw\Flavia\3046.jpg,21,japanese_flowering_cherry
3047,3047.jpg,D:\CV_leaf_identification\leaf_hog_lbp_svm\data\raw\Flavia\3047.jpg,21,japanese_flowering_cherry
3048,3048.jpg,D:\CV_leaf_identification\leaf_hog_lbp_svm\data\raw\Flavia\3048.jpg,21,japanese_flowering_cherry
3049,3049.jpg,D:\CV_leaf_identification\leaf_hog_lbp_svm\data\raw\Flavia\3049.jpg,21,japanese_flowering_cherry
3050,3050.jpg,D:\CV_leaf_identification\leaf_hog_lbp_svm\data\raw\Flavia\3050.jpg,21,japanese_flowering_cherry
3051,3051.jpg,D:\CV_leaf_identification\leaf_hog_lbp_svm\data\raw\Flavia\3051.jpg,21,japanese_flowering_cherry
3052,3052.jpg,D:\CV_leaf_identification\leaf_hog_lbp_svm\data\raw\Flavia\3052.jpg,21,japanese_flowering_cherry
3053,3053.jpg,D:\CV_leaf_identification\leaf_hog_lbp_svm\data\raw\Flavia\3053.jpg,21,japanese_flowering_cherry
3054,3054.jpg,D:\CV_leaf_identification\leaf_hog_lbp_svm\data\raw\Flavia\3054.jpg,21,japanese_flowering_cherry
3055,3055.jpg,D:\CV_leaf_identification\leaf_hog_lbp_svm\data\raw\Flavia\3055.jpg,21,japanese_flowering_cherry
3056,3056.jpg,D:\CV_leaf_identification\leaf_hog_lbp_svm\data\raw\Flavia\3056.jpg,22,glossy_privet
3057,3057.jpg,D:\CV_leaf_identification\leaf_hog_lbp_svm\data\raw\Flavia\3057.jpg,22,glossy_privet
3058,3058.jpg,D:\CV_leaf_identification\leaf_hog_lbp_svm\data\raw\Flavia\3058.jpg,22,glossy_privet
3059,3059.jpg,D:\CV_leaf_identification\leaf_hog_lbp_svm\data\raw\Flavia\3059.jpg,22,glossy_privet
3060,3060.jpg,D:\CV_leaf_identification\leaf_hog_lbp_svm\data\raw\Flavia\3060.jpg,22,glossy_privet
3061,3061.jpg,D:\CV_leaf_identification\leaf_hog_lbp_svm\data\raw\Flavia\3061.jpg,22,glossy_privet
3062,3062.jpg,D:\CV_leaf_identification\leaf_hog_lbp_svm\data\raw\Flavia\3062.jpg,22,glossy_privet
3063,3063.jpg,D:\CV_leaf_identification\leaf_hog_lbp_svm\data\raw\Flavia\3063.jpg,22,glossy_privet
3064,3064.jpg,D:\CV_leaf_identification\leaf_hog_lbp_svm\data\raw\Flavia\3064.jpg,22,glossy_privet
3065,3065.jpg,D:\CV_leaf_identification\leaf_hog_lbp_svm\data\raw\Flavia\3065.jpg,22,glossy_privet
3066,3066.jpg,D:\CV_leaf_identification\leaf_hog_lbp_svm\data\raw\Flavia\3066.jpg,22,glossy_privet
3067,3067.jpg,D:\CV_leaf_identification\leaf_hog_lbp_svm\data\raw\Flavia\3067.jpg,22,glossy_privet
3068,3068.jpg,D:\CV_leaf_identification\leaf_hog_lbp_svm\data\raw\Flavia\3068.jpg,22,glossy_privet
3069,3069.jpg,D:\CV_leaf_identification\leaf_hog_lbp_svm\data\raw\Flavia\3069.jpg,22,glossy_privet
3070,3070.jpg,D:\CV_leaf_identification\leaf_hog_lbp_svm\data\raw\Flavia\3070.jpg,22,glossy_privet
3071,3071.jpg,D:\CV_leaf_identification\leaf_hog_lbp_svm\data\raw\Flavia\3071.jpg,22,glossy_privet
3072,3072.jpg,D:\CV_leaf_identification\leaf_hog_lbp_svm\data\raw\Flavia\3072.jpg,22,glossy_privet
3073,3073.jpg,D:\CV_leaf_identification\leaf_hog_lbp_svm\data\raw\Flavia\3073.jpg,22,glossy_privet
3074,3074.jpg,D:\CV_leaf_identification\leaf_hog_lbp_svm\data\raw\Flavia\3074.jpg,22,glossy_privet
3075,3075.jpg,D:\CV_leaf_identification\leaf_hog_lbp_svm\data\raw\Flavia\3075.jpg,22,glossy_privet
3076,3076.jpg,D:\CV_leaf_identification\leaf_hog_lbp_svm\data\raw\Flavia\3076.jpg,22,glossy_privet
3077,3077.jpg,D:\CV_leaf_identification\leaf_hog_lbp_svm\data\raw\Flavia\3077.jpg,22,glossy_privet
3078,3078.jpg,D:\CV_leaf_identification\leaf_hog_lbp_svm\data\raw\Flavia\3078.jpg,22,glossy_privet
3079,3079.jpg,D:\CV_leaf_identification\leaf_hog_lbp_svm\data\raw\Flavia\3079.jpg,22,glossy_privet
3080,3080.jpg,D:\CV_leaf_identification\leaf_hog_lbp_svm\data\raw\Flavia\3080.jpg,22,glossy_privet
3081,3081.jpg,D:\CV_leaf_identification\leaf_hog_lbp_svm\data\raw\Flavia\3081.jpg,22,glossy_privet
3082,3082.jpg,D:\CV_leaf_identification\leaf_hog_lbp_svm\data\raw\Flavia\3082.jpg,22,glossy_privet
3083,3083.jpg,D:\CV_leaf_identification\leaf_hog_lbp_svm\data\raw\Flavia\3083.jpg,22,glossy_privet
3084,3084.jpg,D:\CV_leaf_identification\leaf_hog_lbp_svm\data\raw\Flavia\3084.jpg,22,glossy_privet
3085,3085.jpg,D:\CV_leaf_identification\leaf_hog_lbp_svm\data\raw\Flavia\3085.jpg,22,glossy_privet
3086,3086.jpg,D:\CV_leaf_identification\leaf_hog_lbp_svm\data\raw\Flavia\3086.jpg,22,glossy_privet
3087,3087.jpg,D:\CV_leaf_identification\leaf_hog_lbp_svm\data\raw\Flavia\3087.jpg,22,glossy_privet
3088,3088.jpg,D:\CV_leaf_identification\leaf_hog_lbp_svm\data\raw\Flavia\3088.jpg,22,glossy_privet
3089,3089.jpg,D:\CV_leaf_identification\leaf_hog_lbp_svm\data\raw\Flavia\3089.jpg,22,glossy_privet
3090,3090.jpg,D:\CV_leaf_identification\leaf_hog_lbp_svm\data\raw\Flavia\3090.jpg,22,glossy_privet
3091,3091.jpg,D:\CV_leaf_identification\leaf_hog_lbp_svm\data\raw\Flavia\3091.jpg,22,glossy_privet
3092,3092.jpg,D:\CV_leaf_identification\leaf_hog_lbp_svm\data\raw\Flavia\3092.jpg,22,glossy_privet
3093,3093.jpg,D:\CV_leaf_identification\leaf_hog_lbp_svm\data\raw\Flavia\3093.jpg,22,glossy_privet
3094,3094.jpg,D:\CV_leaf_identification\leaf_hog_lbp_svm\data\raw\Flavia\3094.jpg,22,glossy_privet
3095,3095.jpg,D:\CV_leaf_identification\leaf_hog_lbp_svm\data\raw\Flavia\3095.jpg,22,glossy_privet
3096,3096.jpg,D:\CV_leaf_identification\leaf_hog_lbp_svm\data\raw\Flavia\3096.jpg,22,glossy_privet
3097,3097.jpg,D:\CV_leaf_identification\leaf_hog_lbp_svm\data\raw\Flavia\3097.jpg,22,glossy_privet
3098,3098.jpg,D:\CV_leaf_identification\leaf_hog_lbp_svm\data\raw\Flavia\3098.jpg,22,glossy_privet
3099,3099.jpg,D:\CV_leaf_identification\leaf_hog_lbp_svm\data\raw\Flavia\3099.jpg,22,glossy_privet
3100,3100.jpg,D:\CV_leaf_identification\leaf_hog_lbp_svm\data\raw\Flavia\3100.jpg,22,glossy_privet
3101,3101.jpg,D:\CV_leaf_identification\leaf_hog_lbp_svm\data\raw\Flavia\3101.jpg,22,glossy_privet
3102,3102.jpg,D:\CV_leaf_identification\leaf_hog_lbp_svm\data\raw\Flavia\3102.jpg,22,glossy_privet
3103,3103.jpg,D:\CV_leaf_identification\leaf_hog_lbp_svm\data\raw\Flavia\3103.jpg,22,glossy_privet
3104,3104.jpg,D:\CV_leaf_identification\leaf_hog_lbp_svm\data\raw\Flavia\3104.jpg,22,glossy_privet
3105,3105.jpg,D:\CV_leaf_identification\leaf_hog_lbp_svm\data\raw\Flavia\3105.jpg,22,glossy_privet
3106,3106.jpg,D:\CV_leaf_identification\leaf_hog_lbp_svm\data\raw\Flavia\3106.jpg,22,glossy_privet
3107,3107.jpg,D:\CV_leaf_identification\leaf_hog_lbp_svm\data\raw\Flavia\3107.jpg,22,glossy_privet
3108,3108.jpg,D:\CV_leaf_identification\leaf_hog_lbp_svm\data\raw\Flavia\3108.jpg,22,glossy_privet
3109,3109.jpg,D:\CV_leaf_identification\leaf_hog_lbp_svm\data\raw\Flavia\3109.jpg,22,glossy_privet
3110,3110.jpg,D:\CV_leaf_identification\leaf_hog_lbp_svm\data\raw\Flavia\3110.jpg,22,glossy_privet
3111,3111.jpg,D:\CV_leaf_identification\leaf_hog_lbp_svm\data\raw\Flavia\3111.jpg,23,chinese_toon
3112,3112.jpg,D:\CV_leaf_identification\leaf_hog_lbp_svm\data\raw\Flavia\3112.jpg,23,chinese_toon
3113,3113.jpg,D:\CV_leaf_identification\leaf_hog_lbp_svm\data\raw\Flavia\3113.jpg,23,chinese_toon
3114,3114.jpg,D:\CV_leaf_identification\leaf_hog_lbp_svm\data\raw\Flavia\3114.jpg,23,chinese_toon
3115,3115.jpg,D:\CV_leaf_identification\leaf_hog_lbp_svm\data\raw\Flavia\3115.jpg,23,chinese_toon
3116,3116.jpg,D:\CV_leaf_identification\leaf_hog_lbp_svm\data\raw\Flavia\3116.jpg,23,chinese_toon
3117,3117.jpg,D:\CV_leaf_identification\leaf_hog_lbp_svm\data\raw\Flavia\3117.jpg,23,chinese_toon
3118,3118.jpg,D:\CV_leaf_identification\leaf_hog_lbp_svm\data\raw\Flavia\3118.jpg,23,chinese_toon
3119,3119.jpg,D:\CV_leaf_identification\leaf_hog_lbp_svm\data\raw\Flavia\3119.jpg,23,chinese_toon
3120,3120.jpg,D:\CV_leaf_identification\leaf_hog_lbp_svm\data\raw\Flavia\3120.jpg,23,chinese_toon
3121,3121.jpg,D:\CV_leaf_identification\leaf_hog_lbp_svm\data\raw\Flavia\3121.jpg,23,chinese_toon
3122,3122.jpg,D:\CV_leaf_identification\leaf_hog_lbp_svm\data\raw\Flavia\3122.jpg,23,chinese_toon
3123,3123.jpg,D:\CV_leaf_identification\leaf_hog_lbp_svm\data\raw\Flavia\3123.jpg,23,chinese_toon
3124,3124.jpg,D:\CV_leaf_identification\leaf_hog_lbp_svm\data\raw\Flavia\3124.jpg,23,chinese_toon
3125,3125.jpg,D:\CV_leaf_identification\leaf_hog_lbp_svm\data\raw\Flavia\3125.jpg,23,chinese_toon
3126,3126.jpg,D:\CV_leaf_identification\leaf_hog_lbp_svm\data\raw\Flavia\3126.jpg,23,chinese_toon
3127,3127.jpg,D:\CV_leaf_identification\leaf_hog_lbp_svm\data\raw\Flavia\3127.jpg,23,chinese_toon
3128,3128.jpg,D:\CV_leaf_identification\leaf_hog_lbp_svm\data\raw\Flavia\3128.jpg,23,chinese_toon
3129,3129.jpg,D:\CV_leaf_identification\leaf_hog_lbp_svm\data\raw\Flavia\3129.jpg,23,chinese_toon
3130,3130.jpg,D:\CV_leaf_identification\leaf_hog_lbp_svm\data\raw\Flavia\3130.jpg,23,chinese_toon
3131,3131.jpg,D:\CV_leaf_identification\leaf_hog_lbp_svm\data\raw\Flavia\3131.jpg,23,chinese_toon
3132,3132.jpg,D:\CV_leaf_identification\leaf_hog_lbp_svm\data\raw\Flavia\3132.jpg,23,chinese_toon
3133,3133.jpg,D:\CV_leaf_identification\leaf_hog_lbp_svm\data\raw\Flavia\3133.jpg,23,chinese_toon
3134,3134.jpg,D:\CV_leaf_identification\leaf_hog_lbp_svm\data\raw\Flavia\3134.jpg,23,chinese_toon
3135,3135.jpg,D:\CV_leaf_identification\leaf_hog_lbp_svm\data\raw\Flavia\3135.jpg,23,chinese_toon
3136,3136.jpg,D:\CV_leaf_identification\leaf_hog_lbp_svm\data\raw\Flavia\3136.jpg,23,chinese_toon
3137,3137.jpg,D:\CV_leaf_identification\leaf_hog_lbp_svm\data\raw\Flavia\3137.jpg,23,chinese_toon
3138,3138.jpg,D:\CV_leaf_identification\leaf_hog_lbp_svm\data\raw\Flavia\3138.jpg,23,chinese_toon
3139,3139.jpg,D:\CV_leaf_identification\leaf_hog_lbp_svm\data\raw\Flavia\3139.jpg,23,chinese_toon
3140,3140.jpg,D:\CV_leaf_identification\leaf_hog_lbp_svm\data\raw\Flavia\3140.jpg,23,chinese_toon
3141,3141.jpg,D:\CV_leaf_identification\leaf_hog_lbp_svm\data\raw\Flavia\3141.jpg,23,chinese_toon
3142,3142.jpg,D:\CV_leaf_identification\leaf_hog_lbp_svm\data\raw\Flavia\3142.jpg,23,chinese_toon
3143,3143.jpg,D:\CV_leaf_identification\leaf_hog_lbp_svm\data\raw\Flavia\3143.jpg,23,chinese_toon
3144,3144.jpg,D:\CV_leaf_identification\leaf_hog_lbp_svm\data\raw\Flavia\3144.jpg,23,chinese_toon
3145,3145.jpg,D:\CV_leaf_identification\leaf_hog_lbp_svm\data\raw\Flavia\3145.jpg,23,chinese_toon
3146,3146.jpg,D:\CV_leaf_identification\leaf_hog_lbp_svm\data\raw\Flavia\3146.jpg,23,chinese_toon
3147,3147.jpg,D:\CV_leaf_identification\leaf_hog_lbp_svm\data\raw\Flavia\3147.jpg,23,chinese_toon
3148,3148.jpg,D:\CV_leaf_identification\leaf_hog_lbp_svm\data\raw\Flavia\3148.jpg,23,chinese_toon
3149,3149.jpg,D:\CV_leaf_identification\leaf_hog_lbp_svm\data\raw\Flavia\3149.jpg,23,chinese_toon
3150,3150.jpg,D:\CV_leaf_identification\leaf_hog_lbp_svm\data\raw\Flavia\3150.jpg,23,chinese_toon
3151,3151.jpg,D:\CV_leaf_identification\leaf_hog_lbp_svm\data\raw\Flavia\3151.jpg,23,chinese_toon
3152,3152.jpg,D:\CV_leaf_identification\leaf_hog_lbp_svm\data\raw\Flavia\3152.jpg,23,chinese_toon
3153,3153.jpg,D:\CV_leaf_identification\leaf_hog_lbp_svm\data\raw\Flavia\3153.jpg,23,chinese_toon
3154,3154.jpg,D:\CV_leaf_identification\leaf_hog_lbp_svm\data\raw\Flavia\3154.jpg,23,chinese_toon
3155,3155.jpg,D:\CV_leaf_identification\leaf_hog_lbp_svm\data\raw\Flavia\3155.jpg,23,chinese_toon
3156,3156.jpg,D:\CV_leaf_identification\leaf_hog_lbp_svm\data\raw\Flavia\3156.jpg,23,chinese_toon
3157,3157.jpg,D:\CV_leaf_identification\leaf_hog_lbp_svm\data\raw\Flavia\3157.jpg,23,chinese_toon
3158,3158.jpg,D:\CV_leaf_identification\leaf_hog_lbp_svm\data\raw\Flavia\3158.jpg,23,chinese_toon
3159,3159.jpg,D:\CV_leaf_identification\leaf_hog_lbp_svm\data\raw\Flavia\3159.jpg,23,chinese_toon
3160,3160.jpg,D:\CV_leaf_identification\leaf_hog_lbp_svm\data\raw\Flavia\3160.jpg,23,chinese_toon
3161,3161.jpg,D:\CV_leaf_identification\leaf_hog_lbp_svm\data\raw\Flavia\3161.jpg,23,chinese_toon
3162,3162.jpg,D:\CV_leaf_identification\leaf_hog_lbp_svm\data\raw\Flavia\3162.jpg,23,chinese_toon
3163,3163.jpg,D:\CV_leaf_identification\leaf_hog_lbp_svm\data\raw\Flavia\3163.jpg,23,chinese_toon
3164,3164.jpg,D:\CV_leaf_identification\leaf_hog_lbp_svm\data\raw\Flavia\3164.jpg,23,chinese_toon
3165,3165.jpg,D:\CV_leaf_identification\leaf_hog_lbp_svm\data\raw\Flavia\3165.jpg,23,chinese_toon
3166,3166.jpg,D:\CV_leaf_identification\leaf_hog_lbp_svm\data\raw\Flavia\3166.jpg,23,chinese_toon
3167,3167.jpg,D:\CV_leaf_identification\leaf_hog_lbp_svm\data\raw\Flavia\3167.jpg,23,chinese_toon
3168,3168.jpg,D:\CV_leaf_identification\leaf_hog_lbp_svm\data\raw\Flavia\3168.jpg,23,chinese_toon
3169,3169.jpg,D:\CV_leaf_identification\leaf_hog_lbp_svm\data\raw\Flavia\3169.jpg,23,chinese_toon
3170,3170.jpg,D:\CV_leaf_identification\leaf_hog_lbp_svm\data\raw\Flavia\3170.jpg,23,chinese_toon
3171,3171.jpg,D:\CV_leaf_identification\leaf_hog_lbp_svm\data\raw\Flavia\3171.jpg,23,chinese_toon
3172,3172.jpg,D:\CV_leaf_identification\leaf_hog_lbp_svm\data\raw\Flavia\3172.jpg,23,chinese_toon
3173,3173.jpg,D:\CV_leaf_identification\leaf_hog_lbp_svm\data\raw\Flavia\3173.jpg,23,chinese_toon
3174,3174.jpg,D:\CV_leaf_identification\leaf_hog_lbp_svm\data\raw\Flavia\3174.jpg,23,chinese_toon
3175,3175.jpg,D:\CV_leaf_identification\leaf_hog_lbp_svm\data\raw\Flavia\3175.jpg,23,chinese_toon
3176,3176.jpg,D:\CV_leaf_identification\leaf_hog_lbp_svm\data\raw\Flavia\3176.jpg,24,peach
3177,3177.jpg,D:\CV_leaf_identification\leaf_hog_lbp_svm\data\raw\Flavia\3177.jpg,24,peach
3178,3178.jpg,D:\CV_leaf_identification\leaf_hog_lbp_svm\data\raw\Flavia\3178.jpg,24,peach
3179,3179.jpg,D:\CV_leaf_identification\leaf_hog_lbp_svm\data\raw\Flavia\3179.jpg,24,peach
3180,3180.jpg,D:\CV_leaf_identification\leaf_hog_lbp_svm\data\raw\Flavia\3180.jpg,24,peach
3181,3181.jpg,D:\CV_leaf_identification\leaf_hog_lbp_svm\data\raw\Flavia\3181.jpg,24,peach
3182,3182.jpg,D:\CV_leaf_identification\leaf_hog_lbp_svm\data\raw\Flavia\3182.jpg,24,peach
3183,3183.jpg,D:\CV_leaf_identification\leaf_hog_lbp_svm\data\raw\Flavia\3183.jpg,24,peach
3184,3184.jpg,D:\CV_leaf_identification\leaf_hog_lbp_svm\data\raw\Flavia\3184.jpg,24,peach
3185,3185.jpg,D:\CV_leaf_identification\leaf_hog_lbp_svm\data\raw\Flavia\3185.jpg,24,peach
3186,3186.jpg,D:\CV_leaf_identification\leaf_hog_lbp_svm\data\raw\Flavia\3186.jpg,24,peach
3187,3187.jpg,D:\CV_leaf_identification\leaf_hog_lbp_svm\data\raw\Flavia\3187.jpg,24,peach
3188,3188.jpg,D:\CV_leaf_identification\leaf_hog_lbp_svm\data\raw\Flavia\3188.jpg,24,peach
3189,3189.jpg,D:\CV_leaf_identification\leaf_hog_lbp_svm\data\raw\Flavia\3189.jpg,24,peach
3190,3190.jpg,D:\CV_leaf_identification\leaf_hog_lbp_svm\data\raw\Flavia\3190.jpg,24,peach
3191,3191.jpg,D:\CV_leaf_identification\leaf_hog_lbp_svm\data\raw\Flavia\3191.jpg,24,peach
3192,3192.jpg,D:\CV_leaf_identification\leaf_hog_lbp_svm\data\raw\Flavia\3192.jpg,24,peach
3193,3193.jpg,D:\CV_leaf_identification\leaf_hog_lbp_svm\data\raw\Flavia\3193.jpg,24,peach
3194,3194.jpg,D:\CV_leaf_identification\leaf_hog_lbp_svm\data\raw\Flavia\3194.jpg,24,peach
3195,3195.jpg,D:\CV_leaf_identification\leaf_hog_lbp_svm\data\raw\Flavia\3195.jpg,24,peach
3196,3196.jpg,D:\CV_leaf_identification\leaf_hog_lbp_svm\data\raw\Flavia\3196.jpg,24,peach
3197,3197.jpg,D:\CV_leaf_identification\leaf_hog_lbp_svm\data\raw\Flavia\3197.jpg,24,peach
3198,3198.jpg,D:\CV_leaf_identification\leaf_hog_lbp_svm\data\raw\Flavia\3198.jpg,24,peach
3199,3199.jpg,D:\CV_leaf_identification\leaf_hog_lbp_svm\data\raw\Flavia\3199.jpg,24,peach
3200,3200.jpg,D:\CV_leaf_identification\leaf_hog_lbp_svm\data\raw\Flavia\3200.jpg,24,peach
3201,3201.jpg,D:\CV_leaf_identification\leaf_hog_lbp_svm\data\raw\Flavia\3201.jpg,24,peach
3202,3202.jpg,D:\CV_leaf_identification\leaf_hog_lbp_svm\data\raw\Flavia\3202.jpg,24,peach
3203,3203.jpg,D:\CV_leaf_identification\leaf_hog_lbp_svm\data\raw\Flavia\3203.jpg,24,peach
3204,3204.jpg,D:\CV_leaf_identification\leaf_hog_lbp_svm\data\raw\Flavia\3204.jpg,24,peach
3205,3205.jpg,D:\CV_leaf_identification\leaf_hog_lbp_svm\data\raw\Flavia\3205.jpg,24,peach
3206,3206.jpg,D:\CV_leaf_identification\leaf_hog_lbp_svm\data\raw\Flavia\3206.jpg,24,peach
3207,3207.jpg,D:\CV_leaf_identification\leaf_hog_lbp_svm\data\raw\Flavia\3207.jpg,24,peach
3208,3208.jpg,D:\CV_leaf_identification\leaf_hog_lbp_svm\data\raw\Flavia\3208.jpg,24,peach
3209,3209.jpg,D:\CV_leaf_identification\leaf_hog_lbp_svm\data\raw\Flavia\3209.jpg,24,peach
3210,3210.jpg,D:\CV_leaf_identification\leaf_hog_lbp_svm\data\raw\Flavia\3210.jpg,24,peach
3211,3211.jpg,D:\CV_leaf_identification\leaf_hog_lbp_svm\data\raw\Flavia\3211.jpg,24,peach
3212,3212.jpg,D:\CV_leaf_identification\leaf_hog_lbp_svm\data\raw\Flavia\3212.jpg,24,peach
3213,3213.jpg,D:\CV_leaf_identification\leaf_hog_lbp_svm\data\raw\Flavia\3213.jpg,24,peach
3214,3214.jpg,D:\CV_leaf_identification\leaf_hog_lbp_svm\data\raw\Flavia\3214.jpg,24,peach
3215,3215.jpg,D:\CV_leaf_identification\leaf_hog_lbp_svm\data\raw\Flavia\3215.jpg,24,peach
3216,3216.jpg,D:\CV_leaf_identification\leaf_hog_lbp_svm\data\raw\Flavia\3216.jpg,24,peach
3217,3217.jpg,D:\CV_leaf_identification\leaf_hog_lbp_svm\data\raw\Flavia\3217.jpg,24,peach
3218,3218.jpg,D:\CV_leaf_identification\leaf_hog_lbp_svm\data\raw\Flavia\3218.jpg,24,peach
3219,3219.jpg,D:\CV_leaf_identification\leaf_hog_lbp_svm\data\raw\Flavia\3219.jpg,24,peach
3220,3220.jpg,D:\CV_leaf_identification\leaf_hog_lbp_svm\data\raw\Flavia\3220.jpg,24,peach
3221,3221.jpg,D:\CV_leaf_identification\leaf_hog_lbp_svm\data\raw\Flavia\3221.jpg,24,peach
3222,3222.jpg,D:\CV_leaf_identification\leaf_hog_lbp_svm\data\raw\Flavia\3222.jpg,24,peach
3223,3223.jpg,D:\CV_leaf_identification\leaf_hog_lbp_svm\data\raw\Flavia\3223.jpg,24,peach
3224,3224.jpg,D:\CV_leaf_identification\leaf_hog_lbp_svm\data\raw\Flavia\3224.jpg,24,peach
3225,3225.jpg,D:\CV_leaf_identification\leaf_hog_lbp_svm\data\raw\Flavia\3225.jpg,24,peach
3226,3226.jpg,D:\CV_leaf_identification\leaf_hog_lbp_svm\data\raw\Flavia\3226.jpg,24,peach
3227,3227.jpg,D:\CV_leaf_identification\leaf_hog_lbp_svm\data\raw\Flavia\3227.jpg,24,peach
3228,3228.jpg,D:\CV_leaf_identification\leaf_hog_lbp_svm\data\raw\Flavia\3228.jpg,24,peach
3229,3229.jpg,D:\CV_leaf_identification\leaf_hog_lbp_svm\data\raw\Flavia\3229.jpg,24,peach
3230,3230.jpg,D:\CV_leaf_identification\leaf_hog_lbp_svm\data\raw\Flavia\3230.jpg,25,ford_woodlotus
3231,3231.jpg,D:\CV_leaf_identification\leaf_hog_lbp_svm\data\raw\Flavia\3231.jpg,25,ford_woodlotus
3232,3232.jpg,D:\CV_leaf_identification\leaf_hog_lbp_svm\data\raw\Flavia\3232.jpg,25,ford_woodlotus
3233,3233.jpg,D:\CV_leaf_identification\leaf_hog_lbp_svm\data\raw\Flavia\3233.jpg,25,ford_woodlotus
3234,3234.jpg,D:\CV_leaf_identification\leaf_hog_lbp_svm\data\raw\Flavia\3234.jpg,25,ford_woodlotus
3235,3235.jpg,D:\CV_leaf_identification\leaf_hog_lbp_svm\data\raw\Flavia\3235.jpg,25,ford_woodlotus
3236,3236.jpg,D:\CV_leaf_identification\leaf_hog_lbp_svm\data\raw\Flavia\3236.jpg,25,ford_woodlotus
3237,3237.jpg,D:\CV_leaf_identification\leaf_hog_lbp_svm\data\raw\Flavia\3237.jpg,25,ford_woodlotus
3238,3238.jpg,D:\CV_leaf_identification\leaf_hog_lbp_svm\data\raw\Flavia\3238.jpg,25,ford_woodlotus
3239,3239.jpg,D:\CV_leaf_identification\leaf_hog_lbp_svm\data\raw\Flavia\3239.jpg,25,ford_woodlotus
3240,3240.jpg,D:\CV_leaf_identification\leaf_hog_lbp_svm\data\raw\Flavia\3240.jpg,25,ford_woodlotus
3241,3241.jpg,D:\CV_leaf_identification\leaf_hog_lbp_svm\data\raw\Flavia\3241.jpg,25,ford_woodlotus
3242,3242.jpg,D:\CV_leaf_identification\leaf_hog_lbp_svm\data\raw\Flavia\3242.jpg,25,ford_woodlotus
3243,3243.jpg,D:\CV_leaf_identification\leaf_hog_lbp_svm\data\raw\Flavia\3243.jpg,25,ford_woodlotus
3244,3244.jpg,D:\CV_leaf_identification\leaf_hog_lbp_svm\data\raw\Flavia\3244.jpg,25,ford_woodlotus
3245,3245.jpg,D:\CV_leaf_identification\leaf_hog_lbp_svm\data\raw\Flavia\3245.jpg,25,ford_woodlotus
3246,3246.jpg,D:\CV_leaf_identification\leaf_hog_lbp_svm\data\raw\Flavia\3246.jpg,25,ford_woodlotus
3247,3247.jpg,D:\CV_leaf_identification\leaf_hog_lbp_svm\data\raw\Flavia\3247.jpg,25,ford_woodlotus
3248,3248.jpg,D:\CV_leaf_identification\leaf_hog_lbp_svm\data\raw\Flavia\3248.jpg,25,ford_woodlotus
3249,3249.jpg,D:\CV_leaf_identification\leaf_hog_lbp_svm\data\raw\Flavia\3249.jpg,25,ford_woodlotus
3250,3250.jpg,D:\CV_leaf_identification\leaf_hog_lbp_svm\data\raw\Flavia\3250.jpg,25,ford_woodlotus
3251,3251.jpg,D:\CV_leaf_identification\leaf_hog_lbp_svm\data\raw\Flavia\3251.jpg,25,ford_woodlotus
3252,3252.jpg,D:\CV_leaf_identification\leaf_hog_lbp_svm\data\raw\Flavia\3252.jpg,25,ford_woodlotus
3253,3253.jpg,D:\CV_leaf_identification\leaf_hog_lbp_svm\data\raw\Flavia\3253.jpg,25,ford_woodlotus
3254,3254.jpg,D:\CV_leaf_identification\leaf_hog_lbp_svm\data\raw\Flavia\3254.jpg,25,ford_woodlotus
3255,3255.jpg,D:\CV_leaf_identification\leaf_hog_lbp_svm\data\raw\Flavia\3255.jpg,25,ford_woodlotus
3256,3256.jpg,D:\CV_leaf_identification\leaf_hog_lbp_svm\data\raw\Flavia\3256.jpg,25,ford_woodlotus
3257,3257.jpg,D:\CV_leaf_identification\leaf_hog_lbp_svm\data\raw\Flavia\3257.jpg,25,ford_woodlotus
3258,3258.jpg,D:\CV_leaf_identification\leaf_hog_lbp_svm\data\raw\Flavia\3258.jpg,25,ford_woodlotus
3259,3259.jpg,D:\CV_leaf_identification\leaf_hog_lbp_svm\data\raw\Flavia\3259.jpg,25,ford_woodlotus
3260,3260.jpg,D:\CV_leaf_identification\leaf_hog_lbp_svm\data\raw\Flavia\3260.jpg,25,ford_woodlotus
3261,3261.jpg,D:\CV_leaf_identification\leaf_hog_lbp_svm\data\raw\Flavia\3261.jpg,25,ford_woodlotus
3262,3262.jpg,D:\CV_leaf_identification\leaf_hog_lbp_svm\data\raw\Flavia\3262.jpg,25,ford_woodlotus
3263,3263.jpg,D:\CV_leaf_identification\leaf_hog_lbp_svm\data\raw\Flavia\3263.jpg,25,ford_woodlotus
3264,3264.jpg,D:\CV_leaf_identification\leaf_hog_lbp_svm\data\raw\Flavia\3264.jpg,25,ford_woodlotus
3265,3265.jpg,D:\CV_leaf_identification\leaf_hog_lbp_svm\data\raw\Flavia\3265.jpg,25,ford_woodlotus
3266,3266.jpg,D:\CV_leaf_identification\leaf_hog_lbp_svm\data\raw\Flavia\3266.jpg,25,ford_woodlotus
3267,3267.jpg,D:\CV_leaf_identification\leaf_hog_lbp_svm\data\raw\Flavia\3267.jpg,25,ford_woodlotus
3268,3268.jpg,D:\CV_leaf_identification\leaf_hog_lbp_svm\data\raw\Flavia\3268.jpg,25,ford_woodlotus
3269,3269.jpg,D:\CV_leaf_identification\leaf_hog_lbp_svm\data\raw\Flavia\3269.jpg,25,ford_woodlotus
3270,3270.jpg,D:\CV_leaf_identification\leaf_hog_lbp_svm\data\raw\Flavia\3270.jpg,25,ford_woodlotus
3271,3271.jpg,D:\CV_leaf_identification\leaf_hog_lbp_svm\data\raw\Flavia\3271.jpg,25,ford_woodlotus
3272,3272.jpg,D:\CV_leaf_identification\leaf_hog_lbp_svm\data\raw\Flavia\3272.jpg,25,ford_woodlotus
3273,3273.jpg,D:\CV_leaf_identification\leaf_hog_lbp_svm\data\raw\Flavia\3273.jpg,25,ford_woodlotus
3274,3274.jpg,D:\CV_leaf_identification\leaf_hog_lbp_svm\data\raw\Flavia\3274.jpg,25,ford_woodlotus
3275,3275.jpg,D:\CV_leaf_identification\leaf_hog_lbp_svm\data\raw\Flavia\3275.jpg,25,ford_woodlotus
3276,3276.jpg,D:\CV_leaf_identification\leaf_hog_lbp_svm\data\raw\Flavia\3276.jpg,25,ford_woodlotus
3277,3277.jpg,D:\CV_leaf_identification\leaf_hog_lbp_svm\data\raw\Flavia\3277.jpg,25,ford_woodlotus
3278,3278.jpg,D:\CV_leaf_identification\leaf_hog_lbp_svm\data\raw\Flavia\3278.jpg,25,ford_woodlotus
3279,3279.jpg,D:\CV_leaf_identification\leaf_hog_lbp_svm\data\raw\Flavia\3279.jpg,25,ford_woodlotus
3280,3280.jpg,D:\CV_leaf_identification\leaf_hog_lbp_svm\data\raw\Flavia\3280.jpg,25,ford_woodlotus
3281,3281.jpg,D:\CV_leaf_identification\leaf_hog_lbp_svm\data\raw\Flavia\3281.jpg,25,ford_woodlotus
3282,3282.jpg,D:\CV_leaf_identification\leaf_hog_lbp_svm\data\raw\Flavia\3282.jpg,26,trident_maple
3283,3283.jpg,D:\CV_leaf_identification\leaf_hog_lbp_svm\data\raw\Flavia\3283.jpg,26,trident_maple
3284,3284.jpg,D:\CV_leaf_identification\leaf_hog_lbp_svm\data\raw\Flavia\3284.jpg,26,trident_maple
3285,3285.jpg,D:\CV_leaf_identification\leaf_hog_lbp_svm\data\raw\Flavia\3285.jpg,26,trident_maple
3286,3286.jpg,D:\CV_leaf_identification\leaf_hog_lbp_svm\data\raw\Flavia\3286.jpg,26,trident_maple
3287,3287.jpg,D:\CV_leaf_identification\leaf_hog_lbp_svm\data\raw\Flavia\3287.jpg,26,trident_maple
3288,3288.jpg,D:\CV_leaf_identification\leaf_hog_lbp_svm\data\raw\Flavia\3288.jpg,26,trident_maple
3289,3289.jpg,D:\CV_leaf_identification\leaf_hog_lbp_svm\data\raw\Flavia\3289.jpg,26,trident_maple
3290,3290.jpg,D:\CV_leaf_identification\leaf_hog_lbp_svm\data\raw\Flavia\3290.jpg,26,trident_maple
3291,3291.jpg,D:\CV_leaf_identification\leaf_hog_lbp_svm\data\raw\Flavia\3291.jpg,26,trident_maple
3292,3292.jpg,D:\CV_leaf_identification\leaf_hog_lbp_svm\data\raw\Flavia\3292.jpg,26,trident_maple
3293,3293.jpg,D:\CV_leaf_identification\leaf_hog_lbp_svm\data\raw\Flavia\3293.jpg,26,trident_maple
3294,3294.jpg,D:\CV_leaf_identification\leaf_hog_lbp_svm\data\raw\Flavia\3294.jpg,26,trident_maple
3295,3295.jpg,D:\CV_leaf_identification\leaf_hog_lbp_svm\data\raw\Flavia\3295.jpg,26,trident_maple
3296,3296.jpg,D:\CV_leaf_identification\leaf_hog_lbp_svm\data\raw\Flavia\3296.jpg,26,trident_maple
3297,3297.jpg,D:\CV_leaf_identification\leaf_hog_lbp_svm\data\raw\Flavia\3297.jpg,26,trident_maple
3298,3298.jpg,D:\CV_leaf_identification\leaf_hog_lbp_svm\data\raw\Flavia\3298.jpg,26,trident_maple
3299,3299.jpg,D:\CV_leaf_identification\leaf_hog_lbp_svm\data\raw\Flavia\3299.jpg,26,trident_maple
3300,3300.jpg,D:\CV_leaf_identification\leaf_hog_lbp_svm\data\raw\Flavia\3300.jpg,26,trident_maple
3301,3301.jpg,D:\CV_leaf_identification\leaf_hog_lbp_svm\data\raw\Flavia\3301.jpg,26,trident_maple
3302,3302.jpg,D:\CV_leaf_identification\leaf_hog_lbp_svm\data\raw\Flavia\3302.jpg,26,trident_maple
3303,3303.jpg,D:\CV_leaf_identification\leaf_hog_lbp_svm\data\raw\Flavia\3303.jpg,26,trident_maple
3304,3304.jpg,D:\CV_leaf_identification\leaf_hog_lbp_svm\data\raw\Flavia\3304.jpg,26,trident_maple
3305,3305.jpg,D:\CV_leaf_identification\leaf_hog_lbp_svm\data\raw\Flavia\3305.jpg,26,trident_maple
3306,3306.jpg,D:\CV_leaf_identification\leaf_hog_lbp_svm\data\raw\Flavia\3306.jpg,26,trident_maple
3307,3307.jpg,D:\CV_leaf_identification\leaf_hog_lbp_svm\data\raw\Flavia\3307.jpg,26,trident_maple
3308,3308.jpg,D:\CV_leaf_identification\leaf_hog_lbp_svm\data\raw\Flavia\3308.jpg,26,trident_maple
3309,3309.jpg,D:\CV_leaf_identification\leaf_hog_lbp_svm\data\raw\Flavia\3309.jpg,26,trident_maple
3310,3310.jpg,D:\CV_leaf_identification\leaf_hog_lbp_svm\data\raw\Flavia\3310.jpg,26,trident_maple
3311,3311.jpg,D:\CV_leaf_identification\leaf_hog_lbp_svm\data\raw\Flavia\3311.jpg,26,trident_maple
3312,3312.jpg,D:\CV_leaf_identification\leaf_hog_lbp_svm\data\raw\Flavia\3312.jpg,26,trident_maple
3313,3313.jpg,D:\CV_leaf_identification\leaf_hog_lbp_svm\data\raw\Flavia\3313.jpg,26,trident_maple
3314,3314.jpg,D:\CV_leaf_identification\leaf_hog_lbp_svm\data\raw\Flavia\3314.jpg,26,trident_maple
3315,3315.jpg,D:\CV_leaf_identification\leaf_hog_lbp_svm\data\raw\Flavia\3315.jpg,26,trident_maple
3316,3316.jpg,D:\CV_leaf_identification\leaf_hog_lbp_svm\data\raw\Flavia\3316.jpg,26,trident_maple
3317,3317.jpg,D:\CV_leaf_identification\leaf_hog_lbp_svm\data\raw\Flavia\3317.jpg,26,trident_maple
3318,3318.jpg,D:\CV_leaf_identification\leaf_hog_lbp_svm\data\raw\Flavia\3318.jpg,26,trident_maple
3319,3319.jpg,D:\CV_leaf_identification\leaf_hog_lbp_svm\data\raw\Flavia\3319.jpg,26,trident_maple
3320,3320.jpg,D:\CV_leaf_identification\leaf_hog_lbp_svm\data\raw\Flavia\3320.jpg,26,trident_maple
3321,3321.jpg,D:\CV_leaf_identification\leaf_hog_lbp_svm\data\raw\Flavia\3321.jpg,26,trident_maple
3322,3322.jpg,D:\CV_leaf_identification\leaf_hog_lbp_svm\data\raw\Flavia\3322.jpg,26,trident_maple
3323,3323.jpg,D:\CV_leaf_identification\leaf_hog_lbp_svm\data\raw\Flavia\3323.jpg,26,trident_maple
3324,3324.jpg,D:\CV_leaf_identification\leaf_hog_lbp_svm\data\raw\Flavia\3324.jpg,26,trident_maple
3325,3325.jpg,D:\CV_leaf_identification\leaf_hog_lbp_svm\data\raw\Flavia\3325.jpg,26,trident_maple
3326,3326.jpg,D:\CV_leaf_identification\leaf_hog_lbp_svm\data\raw\Flavia\3326.jpg,26,trident_maple
3327,3327.jpg,D:\CV_leaf_identification\leaf_hog_lbp_svm\data\raw\Flavia\3327.jpg,26,trident_maple
3328,3328.jpg,D:\CV_leaf_identification\leaf_hog_lbp_svm\data\raw\Flavia\3328.jpg,26,trident_maple
3329,3329.jpg,D:\CV_leaf_identification\leaf_hog_lbp_svm\data\raw\Flavia\3329.jpg,26,trident_maple
3330,3330.jpg,D:\CV_leaf_identification\leaf_hog_lbp_svm\data\raw\Flavia\3330.jpg,26,trident_maple
3331,3331.jpg,D:\CV_leaf_identification\leaf_hog_lbp_svm\data\raw\Flavia\3331.jpg,26,trident_maple
3332,3332.jpg,D:\CV_leaf_identification\leaf_hog_lbp_svm\data\raw\Flavia\3332.jpg,26,trident_maple
3333,3333.jpg,D:\CV_leaf_identification\leaf_hog_lbp_svm\data\raw\Flavia\3333.jpg,26,trident_maple
3334,3334.jpg,D:\CV_leaf_identification\leaf_hog_lbp_svm\data\raw\Flavia\3334.jpg,26,trident_maple
3335,3335.jpg,D:\CV_leaf_identification\leaf_hog_lbp_svm\data\raw\Flavia\3335.jpg,27,beales_barberry
3336,3336.jpg,D:\CV_leaf_identification\leaf_hog_lbp_svm\data\raw\Flavia\3336.jpg,27,beales_barberry
3337,3337.jpg,D:\CV_leaf_identification\leaf_hog_lbp_svm\data\raw\Flavia\3337.jpg,27,beales_barberry
3338,3338.jpg,D:\CV_leaf_identification\leaf_hog_lbp_svm\data\raw\Flavia\3338.jpg,27,beales_barberry
3339,3339.jpg,D:\CV_leaf_identification\leaf_hog_lbp_svm\data\raw\Flavia\3339.jpg,27,beales_barberry
3340,3340.jpg,D:\CV_leaf_identification\leaf_hog_lbp_svm\data\raw\Flavia\3340.jpg,27,beales_barberry
3341,3341.jpg,D:\CV_leaf_identification\leaf_hog_lbp_svm\data\raw\Flavia\3341.jpg,27,beales_barberry
3342,3342.jpg,D:\CV_leaf_identification\leaf_hog_lbp_svm\data\raw\Flavia\3342.jpg,27,beales_barberry
3343,3343.jpg,D:\CV_leaf_identification\leaf_hog_lbp_svm\data\raw\Flavia\3343.jpg,27,beales_barberry
3344,3344.jpg,D:\CV_leaf_identification\leaf_hog_lbp_svm\data\raw\Flavia\3344.jpg,27,beales_barberry
3345,3345.jpg,D:\CV_leaf_identification\leaf_hog_lbp_svm\data\raw\Flavia\3345.jpg,27,beales_barberry
3346,3346.jpg,D:\CV_leaf_identification\leaf_hog_lbp_svm\data\raw\Flavia\3346.jpg,27,beales_barberry
3347,3347.jpg,D:\CV_leaf_identification\leaf_hog_lbp_svm\data\raw\Flavia\3347.jpg,27,beales_barberry
3348,3348.jpg,D:\CV_leaf_identification\leaf_hog_lbp_svm\data\raw\Flavia\3348.jpg,27,beales_barberry
3349,3349.jpg,D:\CV_leaf_identification\leaf_hog_lbp_svm\data\raw\Flavia\3349.jpg,27,beales_barberry
3350,3350.jpg,D:\CV_leaf_identification\leaf_hog_lbp_svm\data\raw\Flavia\3350.jpg,27,beales_barberry
3351,3351.jpg,D:\CV_leaf_identification\leaf_hog_lbp_svm\data\raw\Flavia\3351.jpg,27,beales_barberry
3352,3352.jpg,D:\CV_leaf_identification\leaf_hog_lbp_svm\data\raw\Flavia\3352.jpg,27,beales_barberry
3353,3353.jpg,D:\CV_leaf_identification\leaf_hog_lbp_svm\data\raw\Flavia\3353.jpg,27,beales_barberry
3354,3354.jpg,D:\CV_leaf_identification\leaf_hog_lbp_svm\data\raw\Flavia\3354.jpg,27,beales_barberry
3355,3355.jpg,D:\CV_leaf_identification\leaf_hog_lbp_svm\data\raw\Flavia\3355.jpg,27,beales_barberry
3356,3356.jpg,D:\CV_leaf_identification\leaf_hog_lbp_svm\data\raw\Flavia\3356.jpg,27,beales_barberry
3357,3357.jpg,D:\CV_leaf_identification\leaf_hog_lbp_svm\data\raw\Flavia\3357.jpg,27,beales_barberry
3358,3358.jpg,D:\CV_leaf_identification\leaf_hog_lbp_svm\data\raw\Flavia\3358.jpg,27,beales_barberry
3359,3359.jpg,D:\CV_leaf_identification\leaf_hog_lbp_svm\data\raw\Flavia\3359.jpg,27,beales_barberry
3360,3360.jpg,D:\CV_leaf_identification\leaf_hog_lbp_svm\data\raw\Flavia\3360.jpg,27,beales_barberry
3361,3361.jpg,D:\CV_leaf_identification\leaf_hog_lbp_svm\data\raw\Flavia\3361.jpg,27,beales_barberry
3362,3362.jpg,D:\CV_leaf_identification\leaf_hog_lbp_svm\data\raw\Flavia\3362.jpg,27,beales_barberry
3363,3363.jpg,D:\CV_leaf_identification\leaf_hog_lbp_svm\data\raw\Flavia\3363.jpg,27,beales_barberry
3364,3364.jpg,D:\CV_leaf_identification\leaf_hog_lbp_svm\data\raw\Flavia\3364.jpg,27,beales_barberry
3365,3365.jpg,D:\CV_leaf_identification\leaf_hog_lbp_svm\data\raw\Flavia\3365.jpg,27,beales_barberry
3366,3366.jpg,D:\CV_leaf_identification\leaf_hog_lbp_svm\data\raw\Flavia\3366.jpg,27,beales_barberry
3367,3367.jpg,D:\CV_leaf_identification\leaf_hog_lbp_svm\data\raw\Flavia\3367.jpg,27,beales_barberry
3368,3368.jpg,D:\CV_leaf_identification\leaf_hog_lbp_svm\data\raw\Flavia\3368.jpg,27,beales_barberry
3369,3369.jpg,D:\CV_leaf_identification\leaf_hog_lbp_svm\data\raw\Flavia\3369.jpg,27,beales_barberry
3370,3370.jpg,D:\CV_leaf_identification\leaf_hog_lbp_svm\data\raw\Flavia\3370.jpg,27,beales_barberry
3371,3371.jpg,D:\CV_leaf_identification\leaf_hog_lbp_svm\data\raw\Flavia\3371.jpg,27,beales_barberry
3372,3372.jpg,D:\CV_leaf_identification\leaf_hog_lbp_svm\data\raw\Flavia\3372.jpg,27,beales_barberry
3373,3373.jpg,D:\CV_leaf_identification\leaf_hog_lbp_svm\data\raw\Flavia\3373.jpg,27,beales_barberry
3374,3374.jpg,D:\CV_leaf_identification\leaf_hog_lbp_svm\data\raw\Flavia\3374.jpg,27,beales_barberry
3375,3375.jpg,D:\CV_leaf_identification\leaf_hog_lbp_svm\data\raw\Flavia\3375.jpg,27,beales_barberry
3376,3376.jpg,D:\CV_leaf_identification\leaf_hog_lbp_svm\data\raw\Flavia\3376.jpg,27,beales_barberry
3377,3377.jpg,D:\CV_leaf_identification\leaf_hog_lbp_svm\data\raw\Flavia\3377.jpg,27,beales_barberry
3378,3378.jpg,D:\CV_leaf_identification\leaf_hog_lbp_svm\data\raw\Flavia\3378.jpg,27,beales_barberry
3379,3379.jpg,D:\CV_leaf_identification\leaf_hog_lbp_svm\data\raw\Flavia\3379.jpg,27,beales_barberry
3380,3380.jpg,D:\CV_leaf_identification\leaf_hog_lbp_svm\data\raw\Flavia\3380.jpg,27,beales_barberry
3381,3381.jpg,D:\CV_leaf_identification\leaf_hog_lbp_svm\data\raw\Flavia\3381.jpg,27,beales_barberry
3382,3382.jpg,D:\CV_leaf_identification\leaf_hog_lbp_svm\data\raw\Flavia\3382.jpg,27,beales_barberry
3383,3383.jpg,D:\CV_leaf_identification\leaf_hog_lbp_svm\data\raw\Flavia\3383.jpg,27,beales_barberry
3384,3384.jpg,D:\CV_leaf_identification\leaf_hog_lbp_svm\data\raw\Flavia\3384.jpg,27,beales_barberry
3385,3385.jpg,D:\CV_leaf_identification\leaf_hog_lbp_svm\data\raw\Flavia\3385.jpg,27,beales_barberry
3386,3386.jpg,D:\CV_leaf_identification\leaf_hog_lbp_svm\data\raw\Flavia\3386.jpg,27,beales_barberry
3387,3387.jpg,D:\CV_leaf_identification\leaf_hog_lbp_svm\data\raw\Flavia\3387.jpg,27,beales_barberry
3388,3388.jpg,D:\CV_leaf_identification\leaf_hog_lbp_svm\data\raw\Flavia\3388.jpg,27,beales_barberry
3389,3389.jpg,D:\CV_leaf_identification\leaf_hog_lbp_svm\data\raw\Flavia\3389.jpg,27,beales_barberry
3390,3390.jpg,D:\CV_leaf_identification\leaf_hog_lbp_svm\data\raw\Flavia\3390.jpg,28,southern_magnolia
3391,3391.jpg,D:\CV_leaf_identification\leaf_hog_lbp_svm\data\raw\Flavia\3391.jpg,28,southern_magnolia
3392,3392.jpg,D:\CV_leaf_identification\leaf_hog_lbp_svm\data\raw\Flavia\3392.jpg,28,southern_magnolia
3393,3393.jpg,D:\CV_leaf_identification\leaf_hog_lbp_svm\data\raw\Flavia\3393.jpg,28,southern_magnolia
3394,3394.jpg,D:\CV_leaf_identification\leaf_hog_lbp_svm\data\raw\Flavia\3394.jpg,28,southern_magnolia
3395,3395.jpg,D:\CV_leaf_identification\leaf_hog_lbp_svm\data\raw\Flavia\3395.jpg,28,southern_magnolia
3396,3396.jpg,D:\CV_leaf_identification\leaf_hog_lbp_svm\data\raw\Flavia\3396.jpg,28,southern_magnolia
3397,3397.jpg,D:\CV_leaf_identification\leaf_hog_lbp_svm\data\raw\Flavia\3397.jpg,28,southern_magnolia
3398,3398.jpg,D:\CV_leaf_identification\leaf_hog_lbp_svm\data\raw\Flavia\3398.jpg,28,southern_magnolia
3399,3399.jpg,D:\CV_leaf_identification\leaf_hog_lbp_svm\data\raw\Flavia\3399.jpg,28,southern_magnolia
3400,3400.jpg,D:\CV_leaf_identification\leaf_hog_lbp_svm\data\raw\Flavia\3400.jpg,28,southern_magnolia
3401,3401.jpg,D:\CV_leaf_identification\leaf_hog_lbp_svm\data\raw\Flavia\3401.jpg,28,southern_magnolia
3402,3402.jpg,D:\CV_leaf_identification\leaf_hog_lbp_svm\data\raw\Flavia\3402.jpg,28,southern_magnolia
3403,3403.jpg,D:\CV_leaf_identification\leaf_hog_lbp_svm\data\raw\Flavia\3403.jpg,28,southern_magnolia
3404,3404.jpg,D:\CV_leaf_identification\leaf_hog_lbp_svm\data\raw\Flavia\3404.jpg,28,southern_magnolia
3405,3405.jpg,D:\CV_leaf_identification\leaf_hog_lbp_svm\data\raw\Flavia\3405.jpg,28,southern_magnolia
3406,3406.jpg,D:\CV_leaf_identification\leaf_hog_lbp_svm\data\raw\Flavia\3406.jpg,28,southern_magnolia
3407,3407.jpg,D:\CV_leaf_identification\leaf_hog_lbp_svm\data\raw\Flavia\3407.jpg,28,southern_magnolia
3408,3408.jpg,D:\CV_leaf_identification\leaf_hog_lbp_svm\data\raw\Flavia\3408.jpg,28,southern_magnolia
3409,3409.jpg,D:\CV_leaf_identification\leaf_hog_lbp_svm\data\raw\Flavia\3409.jpg,28,southern_magnolia
3410,3410.jpg,D:\CV_leaf_identification\leaf_hog_lbp_svm\data\raw\Flavia\3410.jpg,28,southern_magnolia
3411,3411.jpg,D:\CV_leaf_identification\leaf_hog_lbp_svm\data\raw\Flavia\3411.jpg,28,southern_magnolia
3412,3412.jpg,D:\CV_leaf_identification\leaf_hog_lbp_svm\data\raw\Flavia\3412.jpg,28,southern_magnolia
3413,3413.jpg,D:\CV_leaf_identification\leaf_hog_lbp_svm\data\raw\Flavia\3413.jpg,28,southern_magnolia
3414,3414.jpg,D:\CV_leaf_identification\leaf_hog_lbp_svm\data\raw\Flavia\3414.jpg,28,southern_magnolia
3415,3415.jpg,D:\CV_leaf_identification\leaf_hog_lbp_svm\data\raw\Flavia\3415.jpg,28,southern_magnolia
3416,3416.jpg,D:\CV_leaf_identification\leaf_hog_lbp_svm\data\raw\Flavia\3416.jpg,28,southern_magnolia
3417,3417.jpg,D:\CV_leaf_identification\leaf_hog_lbp_svm\data\raw\Flavia\3417.jpg,28,southern_magnolia
3418,3418.jpg,D:\CV_leaf_identification\leaf_hog_lbp_svm\data\raw\Flavia\3418.jpg,28,southern_magnolia
3419,3419.jpg,D:\CV_leaf_identification\leaf_hog_lbp_svm\data\raw\Flavia\3419.jpg,28,southern_magnolia
3420,3420.jpg,D:\CV_leaf_identification\leaf_hog_lbp_svm\data\raw\Flavia\3420.jpg,28,southern_magnolia
3421,3421.jpg,D:\CV_leaf_identification\leaf_hog_lbp_svm\data\raw\Flavia\3421.jpg,28,southern_magnolia
3422,3422.jpg,D:\CV_leaf_identification\leaf_hog_lbp_svm\data\raw\Flavia\3422.jpg,28,southern_magnolia
3423,3423.jpg,D:\CV_leaf_identification\leaf_hog_lbp_svm\data\raw\Flavia\3423.jpg,28,southern_magnolia
3424,3424.jpg,D:\CV_leaf_identification\leaf_hog_lbp_svm\data\raw\Flavia\3424.jpg,28,southern_magnolia
3425,3425.jpg,D:\CV_leaf_identification\leaf_hog_lbp_svm\data\raw\Flavia\3425.jpg,28,southern_magnolia
3426,3426.jpg,D:\CV_leaf_identification\leaf_hog_lbp_svm\data\raw\Flavia\3426.jpg,28,southern_magnolia
3427,3427.jpg,D:\CV_leaf_identification\leaf_hog_lbp_svm\data\raw\Flavia\3427.jpg,28,southern_magnolia
3428,3428.jpg,D:\CV_leaf_identification\leaf_hog_lbp_svm\data\raw\Flavia\3428.jpg,28,southern_magnolia
3429,3429.jpg,D:\CV_leaf_identification\leaf_hog_lbp_svm\data\raw\Flavia\3429.jpg,28,southern_magnolia
3430,3430.jpg,D:\CV_leaf_identification\leaf_hog_lbp_svm\data\raw\Flavia\3430.jpg,28,southern_magnolia
3431,3431.jpg,D:\CV_leaf_identification\leaf_hog_lbp_svm\data\raw\Flavia\3431.jpg,28,southern_magnolia
3432,3432.jpg,D:\CV_leaf_identification\leaf_hog_lbp_svm\data\raw\Flavia\3432.jpg,28,southern_magnolia
3433,3433.jpg,D:\CV_leaf_identification\leaf_hog_lbp_svm\data\raw\Flavia\3433.jpg,28,southern_magnolia
3434,3434.jpg,D:\CV_leaf_identification\leaf_hog_lbp_svm\data\raw\Flavia\3434.jpg,28,southern_magnolia
3435,3435.jpg,D:\CV_leaf_identification\leaf_hog_lbp_svm\data\raw\Flavia\3435.jpg,28,southern_magnolia
3436,3436.jpg,D:\CV_leaf_identification\leaf_hog_lbp_svm\data\raw\Flavia\3436.jpg,28,southern_magnolia
3437,3437.jpg,D:\CV_leaf_identification\leaf_hog_lbp_svm\data\raw\Flavia\3437.jpg,28,southern_magnolia
3438,3438.jpg,D:\CV_leaf_identification\leaf_hog_lbp_svm\data\raw\Flavia\3438.jpg,28,southern_magnolia
3439,3439.jpg,D:\CV_leaf_identification\leaf_hog_lbp_svm\data\raw\Flavia\3439.jpg,28,southern_magnolia
3440,3440.jpg,D:\CV_leaf_identification\leaf_hog_lbp_svm\data\raw\Flavia\3440.jpg,28,southern_magnolia
3441,3441.jpg,D:\CV_leaf_identification\leaf_hog_lbp_svm\data\raw\Flavia\3441.jpg,28,southern_magnolia
3442,3442.jpg,D:\CV_leaf_identification\leaf_hog_lbp_svm\data\raw\Flavia\3442.jpg,28,southern_magnolia
3443,3443.jpg,D:\CV_leaf_identification\leaf_hog_lbp_svm\data\raw\Flavia\3443.jpg,28,southern_magnolia
3444,3444.jpg,D:\CV_leaf_identification\leaf_hog_lbp_svm\data\raw\Flavia\3444.jpg,28,southern_magnolia
3445,3445.jpg,D:\CV_leaf_identification\leaf_hog_lbp_svm\data\raw\Flavia\3445.jpg,28,southern_magnolia
3446,3446.jpg,D:\CV_leaf_identification\leaf_hog_lbp_svm\data\raw\Flavia\3446.jpg,28,southern_magnolia
3447,3447.jpg,D:\CV_leaf_identification\leaf_hog_lbp_svm\data\raw\Flavia\3447.jpg,29,canadian_poplar
3448,3448.jpg,D:\CV_leaf_identification\leaf_hog_lbp_svm\data\raw\Flavia\3448.jpg,29,canadian_poplar
3449,3449.jpg,D:\CV_leaf_identification\leaf_hog_lbp_svm\data\raw\Flavia\3449.jpg,29,canadian_poplar
3450,3450.jpg,D:\CV_leaf_identification\leaf_hog_lbp_svm\data\raw\Flavia\3450.jpg,29,canadian_poplar
3451,3451.jpg,D:\CV_leaf_identification\leaf_hog_lbp_svm\data\raw\Flavia\3451.jpg,29,canadian_poplar
3452,3452.jpg,D:\CV_leaf_identification\leaf_hog_lbp_svm\data\raw\Flavia\3452.jpg,29,canadian_poplar
3453,3453.jpg,D:\CV_leaf_identification\leaf_hog_lbp_svm\data\raw\Flavia\3453.jpg,29,canadian_poplar
3454,3454.jpg,D:\CV_leaf_identification\leaf_hog_lbp_svm\data\raw\Flavia\3454.jpg,29,canadian_poplar
3455,3455.jpg,D:\CV_leaf_identification\leaf_hog_lbp_svm\data\raw\Flavia\3455.jpg,29,canadian_poplar
3456,3456.jpg,D:\CV_leaf_identification\leaf_hog_lbp_svm\data\raw\Flavia\3456.jpg,29,canadian_poplar
3457,3457.jpg,D:\CV_leaf_identification\leaf_hog_lbp_svm\data\raw\Flavia\3457.jpg,29,canadian_poplar
3458,3458.jpg,D:\CV_leaf_identification\leaf_hog_lbp_svm\data\raw\Flavia\3458.jpg,29,canadian_poplar
3459,3459.jpg,D:\CV_leaf_identification\leaf_hog_lbp_svm\data\raw\Flavia\3459.jpg,29,canadian_poplar
3460,3460.jpg,D:\CV_leaf_identification\leaf_hog_lbp_svm\data\raw\Flavia\3460.jpg,29,canadian_poplar
3461,3461.jpg,D:\CV_leaf_identification\leaf_hog_lbp_svm\data\raw\Flavia\3461.jpg,29,canadian_poplar
3462,3462.jpg,D:\CV_leaf_identification\leaf_hog_lbp_svm\data\raw\Flavia\3462.jpg,29,canadian_poplar
3463,3463.jpg,D:\CV_leaf_identification\leaf_hog_lbp_svm\data\raw\Flavia\3463.jpg,29,canadian_poplar
3464,3464.jpg,D:\CV_leaf_identification\leaf_hog_lbp_svm\data\raw\Flavia\3464.jpg,29,canadian_poplar
3465,3465.jpg,D:\CV_leaf_identification\leaf_hog_lbp_svm\data\raw\Flavia\3465.jpg,29,canadian_poplar
3466,3466.jpg,D:\CV_leaf_identification\leaf_hog_lbp_svm\data\raw\Flavia\3466.jpg,29,canadian_poplar
3467,3467.jpg,D:\CV_leaf_identification\leaf_hog_lbp_svm\data\raw\Flavia\3467.jpg,29,canadian_poplar
3468,3468.jpg,D:\CV_leaf_identification\leaf_hog_lbp_svm\data\raw\Flavia\3468.jpg,29,canadian_poplar
3469,3469.jpg,D:\CV_leaf_identification\leaf_hog_lbp_svm\data\raw\Flavia\3469.jpg,29,canadian_poplar
3470,3470.jpg,D:\CV_leaf_identification\leaf_hog_lbp_svm\data\raw\Flavia\3470.jpg,29,canadian_poplar
3471,3471.jpg,D:\CV_leaf_identification\leaf_hog_lbp_svm\data\raw\Flavia\3471.jpg,29,canadian_poplar
3472,3472.jpg,D:\CV_leaf_identification\leaf_hog_lbp_svm\data\raw\Flavia\3472.jpg,29,canadian_poplar
3473,3473.jpg,D:\CV_leaf_identification\leaf_hog_lbp_svm\data\raw\Flavia\3473.jpg,29,canadian_poplar
3474,3474.jpg,D:\CV_leaf_identification\leaf_hog_lbp_svm\data\raw\Flavia\3474.jpg,29,canadian_poplar
3475,3475.jpg,D:\CV_leaf_identification\leaf_hog_lbp_svm\data\raw\Flavia\3475.jpg,29,canadian_poplar
3476,3476.jpg,D:\CV_leaf_identification\leaf_hog_lbp_svm\data\raw\Flavia\3476.jpg,29,canadian_poplar
3477,3477.jpg,D:\CV_leaf_identification\leaf_hog_lbp_svm\data\raw\Flavia\3477.jpg,29,canadian_poplar
3478,3478.jpg,D:\CV_leaf_identification\leaf_hog_lbp_svm\data\raw\Flavia\3478.jpg,29,canadian_poplar
3479,3479.jpg,D:\CV_leaf_identification\leaf_hog_lbp_svm\data\raw\Flavia\3479.jpg,29,canadian_poplar
3480,3480.jpg,D:\CV_leaf_identification\leaf_hog_lbp_svm\data\raw\Flavia\3480.jpg,29,canadian_poplar
3481,3481.jpg,D:\CV_leaf_identification\leaf_hog_lbp_svm\data\raw\Flavia\3481.jpg,29,canadian_poplar
3482,3482.jpg,D:\CV_leaf_identification\leaf_hog_lbp_svm\data\raw\Flavia\3482.jpg,29,canadian_poplar
3483,3483.jpg,D:\CV_leaf_identification\leaf_hog_lbp_svm\data\raw\Flavia\3483.jpg,29,canadian_poplar
3484,3484.jpg,D:\CV_leaf_identification\leaf_hog_lbp_svm\data\raw\Flavia\3484.jpg,29,canadian_poplar
3485,3485.jpg,D:\CV_leaf_identification\leaf_hog_lbp_svm\data\raw\Flavia\3485.jpg,29,canadian_poplar
3486,3486.jpg,D:\CV_leaf_identification\leaf_hog_lbp_svm\data\raw\Flavia\3486.jpg,29,canadian_poplar
3487,3487.jpg,D:\CV_leaf_identification\leaf_hog_lbp_svm\data\raw\Flavia\3487.jpg,29,canadian_poplar
3488,3488.jpg,D:\CV_leaf_identification\leaf_hog_lbp_svm\data\raw\Flavia\3488.jpg,29,canadian_poplar
3489,3489.jpg,D:\CV_leaf_identification\leaf_hog_lbp_svm\data\raw\Flavia\3489.jpg,29,canadian_poplar
3490,3490.jpg,D:\CV_leaf_identification\leaf_hog_lbp_svm\data\raw\Flavia\3490.jpg,29,canadian_poplar
3491,3491.jpg,D:\CV_leaf_identification\leaf_hog_lbp_svm\data\raw\Flavia\3491.jpg,29,canadian_poplar
3492,3492.jpg,D:\CV_leaf_identification\leaf_hog_lbp_svm\data\raw\Flavia\3492.jpg,29,canadian_poplar
3493,3493.jpg,D:\CV_leaf_identification\leaf_hog_lbp_svm\data\raw\Flavia\3493.jpg,29,canadian_poplar
3494,3494.jpg,D:\CV_leaf_identification\leaf_hog_lbp_svm\data\raw\Flavia\3494.jpg,29,canadian_poplar
3495,3495.jpg,D:\CV_leaf_identification\leaf_hog_lbp_svm\data\raw\Flavia\3495.jpg,29,canadian_poplar
3496,3496.jpg,D:\CV_leaf_identification\leaf_hog_lbp_svm\data\raw\Flavia\3496.jpg,29,canadian_poplar
3497,3497.jpg,D:\CV_leaf_identification\leaf_hog_lbp_svm\data\raw\Flavia\3497.jpg,29,canadian_poplar
3498,3498.jpg,D:\CV_leaf_identification\leaf_hog_lbp_svm\data\raw\Flavia\3498.jpg,29,canadian_poplar
3499,3499.jpg,D:\CV_leaf_identification\leaf_hog_lbp_svm\data\raw\Flavia\3499.jpg,29,canadian_poplar
3500,3500.jpg,D:\CV_leaf_identification\leaf_hog_lbp_svm\data\raw\Flavia\3500.jpg,29,canadian_poplar
3501,3501.jpg,D:\CV_leaf_identification\leaf_hog_lbp_svm\data\raw\Flavia\3501.jpg,29,canadian_poplar
3502,3502.jpg,D:\CV_leaf_identification\leaf_hog_lbp_svm\data\raw\Flavia\3502.jpg,29,canadian_poplar
3503,3503.jpg,D:\CV_leaf_identification\leaf_hog_lbp_svm\data\raw\Flavia\3503.jpg,29,canadian_poplar
3504,3504.jpg,D:\CV_leaf_identification\leaf_hog_lbp_svm\data\raw\Flavia\3504.jpg,29,canadian_poplar
3505,3505.jpg,D:\CV_leaf_identification\leaf_hog_lbp_svm\data\raw\Flavia\3505.jpg,29,canadian_poplar
3506,3506.jpg,D:\CV_leaf_identification\leaf_hog_lbp_svm\data\raw\Flavia\3506.jpg,29,canadian_poplar
3507,3507.jpg,D:\CV_leaf_identification\leaf_hog_lbp_svm\data\raw\Flavia\3507.jpg,29,canadian_poplar
3508,3508.jpg,D:\CV_leaf_identification\leaf_hog_lbp_svm\data\raw\Flavia\3508.jpg,29,canadian_poplar
3509,3509.jpg,D:\CV_leaf_identification\leaf_hog_lbp_svm\data\raw\Flavia\3509.jpg,29,canadian_poplar
3510,3510.jpg,D:\CV_leaf_identification\leaf_hog_lbp_svm\data\raw\Flavia\3510.jpg,29,canadian_poplar
3511,3511.jpg,D:\CV_leaf_identification\leaf_hog_lbp_svm\data\raw\Flavia\3511.jpg,30,chinese_tulip_tree
3512,3512.jpg,D:\CV_leaf_identification\leaf_hog_lbp_svm\data\raw\Flavia\3512.jpg,30,chinese_tulip_tree
3513,3513.jpg,D:\CV_leaf_identification\leaf_hog_lbp_svm\data\raw\Flavia\3513.jpg,30,chinese_tulip_tree
3514,3514.jpg,D:\CV_leaf_identification\leaf_hog_lbp_svm\data\raw\Flavia\3514.jpg,30,chinese_tulip_tree
3515,3515.jpg,D:\CV_leaf_identification\leaf_hog_lbp_svm\data\raw\Flavia\3515.jpg,30,chinese_tulip_tree
3516,3516.jpg,D:\CV_leaf_identification\leaf_hog_lbp_svm\data\raw\Flavia\3516.jpg,30,chinese_tulip_tree
3517,3517.jpg,D:\CV_leaf_identification\leaf_hog_lbp_svm\data\raw\Flavia\3517.jpg,30,chinese_tulip_tree
3518,3518.jpg,D:\CV_leaf_identification\leaf_hog_lbp_svm\data\raw\Flavia\3518.jpg,30,chinese_tulip_tree
3519,3519.jpg,D:\CV_leaf_identification\leaf_hog_lbp_svm\data\raw\Flavia\3519.jpg,30,chinese_tulip_tree
3520,3520.jpg,D:\CV_leaf_identification\leaf_hog_lbp_svm\data\raw\Flavia\3520.jpg,30,chinese_tulip_tree
3521,3521.jpg,D:\CV_leaf_identification\leaf_hog_lbp_svm\data\raw\Flavia\3521.jpg,30,chinese_tulip_tree
3522,3522.jpg,D:\CV_leaf_identification\leaf_hog_lbp_svm\data\raw\Flavia\3522.jpg,30,chinese_tulip_tree
3523,3523.jpg,D:\CV_leaf_identification\leaf_hog_lbp_svm\data\raw\Flavia\3523.jpg,30,chinese_tulip_tree
3524,3524.jpg,D:\CV_leaf_identification\leaf_hog_lbp_svm\data\raw\Flavia\3524.jpg,30,chinese_tulip_tree
3525,3525.jpg,D:\CV_leaf_identification\leaf_hog_lbp_svm\data\raw\Flavia\3525.jpg,30,chinese_tulip_tree
3526,3526.jpg,D:\CV_leaf_identification\leaf_hog_lbp_svm\data\raw\Flavia\3526.jpg,30,chinese_tulip_tree
3527,3527.jpg,D:\CV_leaf_identification\leaf_hog_lbp_svm\data\raw\Flavia\3527.jpg,30,chinese_tulip_tree
3528,3528.jpg,D:\CV_leaf_identification\leaf_hog_lbp_svm\data\raw\Flavia\3528.jpg,30,chinese_tulip_tree
3529,3529.jpg,D:\CV_leaf_identification\leaf_hog_lbp_svm\data\raw\Flavia\3529.jpg,30,chinese_tulip_tree
3530,3530.jpg,D:\CV_leaf_identification\leaf_hog_lbp_svm\data\raw\Flavia\3530.jpg,30,chinese_tulip_tree
3531,3531.jpg,D:\CV_leaf_identification\leaf_hog_lbp_svm\data\raw\Flavia\3531.jpg,30,chinese_tulip_tree
3532,3532.jpg,D:\CV_leaf_identification\leaf_hog_lbp_svm\data\raw\Flavia\3532.jpg,30,chinese_tulip_tree
3533,3533.jpg,D:\CV_leaf_identification\leaf_hog_lbp_svm\data\raw\Flavia\3533.jpg,30,chinese_tulip_tree
3534,3534.jpg,D:\CV_leaf_identification\leaf_hog_lbp_svm\data\raw\Flavia\3534.jpg,30,chinese_tulip_tree
3535,3535.jpg,D:\CV_leaf_identification\leaf_hog_lbp_svm\data\raw\Flavia\3535.jpg,30,chinese_tulip_tree
3536,3536.jpg,D:\CV_leaf_identification\leaf_hog_lbp_svm\data\raw\Flavia\3536.jpg,30,chinese_tulip_tree
3537,3537.jpg,D:\CV_leaf_identification\leaf_hog_lbp_svm\data\raw\Flavia\3537.jpg,30,chinese_tulip_tree
3538,3538.jpg,D:\CV_leaf_identification\leaf_hog_lbp_svm\data\raw\Flavia\3538.jpg,30,chinese_tulip_tree
3539,3539.jpg,D:\CV_leaf_identification\leaf_hog_lbp_svm\data\raw\Flavia\3539.jpg,30,chinese_tulip_tree
3540,3540.jpg,D:\CV_leaf_identification\leaf_hog_lbp_svm\data\raw\Flavia\3540.jpg,30,chinese_tulip_tree
3541,3541.jpg,D:\CV_leaf_identification\leaf_hog_lbp_svm\data\raw\Flavia\3541.jpg,30,chinese_tulip_tree
3542,3542.jpg,D:\CV_leaf_identification\leaf_hog_lbp_svm\data\raw\Flavia\3542.jpg,30,chinese_tulip_tree
3543,3543.jpg,D:\CV_leaf_identification\leaf_hog_lbp_svm\data\raw\Flavia\3543.jpg,30,chinese_tulip_tree
3544,3544.jpg,D:\CV_leaf_identification\leaf_hog_lbp_svm\data\raw\Flavia\3544.jpg,30,chinese_tulip_tree
3545,3545.jpg,D:\CV_leaf_identification\leaf_hog_lbp_svm\data\raw\Flavia\3545.jpg,30,chinese_tulip_tree
3546,3546.jpg,D:\CV_leaf_identification\leaf_hog_lbp_svm\data\raw\Flavia\3546.jpg,30,chinese_tulip_tree
3547,3547.jpg,D:\CV_leaf_identification\leaf_hog_lbp_svm\data\raw\Flavia\3547.jpg,30,chinese_tulip_tree
3548,3548.jpg,D:\CV_leaf_identification\leaf_hog_lbp_svm\data\raw\Flavia\3548.jpg,30,chinese_tulip_tree
3549,3549.jpg,D:\CV_leaf_identification\leaf_hog_lbp_svm\data\raw\Flavia\3549.jpg,30,chinese_tulip_tree
3550,3550.jpg,D:\CV_leaf_identification\leaf_hog_lbp_svm\data\raw\Flavia\3550.jpg,30,chinese_tulip_tree
3551,3551.jpg,D:\CV_leaf_identification\leaf_hog_lbp_svm\data\raw\Flavia\3551.jpg,30,chinese_tulip_tree
3552,3552.jpg,D:\CV_leaf_identification\leaf_hog_lbp_svm\data\raw\Flavia\3552.jpg,30,chinese_tulip_tree
3553,3553.jpg,D:\CV_leaf_identification\leaf_hog_lbp_svm\data\raw\Flavia\3553.jpg,30,chinese_tulip_tree
3554,3554.jpg,D:\CV_leaf_identification\leaf_hog_lbp_svm\data\raw\Flavia\3554.jpg,30,chinese_tulip_tree
3555,3555.jpg,D:\CV_leaf_identification\leaf_hog_lbp_svm\data\raw\Flavia\3555.jpg,30,chinese_tulip_tree
3556,3556.jpg,D:\CV_leaf_identification\leaf_hog_lbp_svm\data\raw\Flavia\3556.jpg,30,chinese_tulip_tree
3557,3557.jpg,D:\CV_leaf_identification\leaf_hog_lbp_svm\data\raw\Flavia\3557.jpg,30,chinese_tulip_tree
3558,3558.jpg,D:\CV_leaf_identification\leaf_hog_lbp_svm\data\raw\Flavia\3558.jpg,30,chinese_tulip_tree
3559,3559.jpg,D:\CV_leaf_identification\leaf_hog_lbp_svm\data\raw\Flavia\3559.jpg,30,chinese_tulip_tree
3560,3560.jpg,D:\CV_leaf_identification\leaf_hog_lbp_svm\data\raw\Flavia\3560.jpg,30,chinese_tulip_tree
3561,3561.jpg,D:\CV_leaf_identification\leaf_hog_lbp_svm\data\raw\Flavia\3561.jpg,30,chinese_tulip_tree
3562,3562.jpg,D:\CV_leaf_identification\leaf_hog_lbp_svm\data\raw\Flavia\3562.jpg,30,chinese_tulip_tree
3563,3563.jpg,D:\CV_leaf_identification\leaf_hog_lbp_svm\data\raw\Flavia\3563.jpg,30,chinese_tulip_tree
3566,3566.jpg,D:\CV_leaf_identification\leaf_hog_lbp_svm\data\raw\Flavia\3566.jpg,31,tangerine
3567,3567.jpg,D:\CV_leaf_identification\leaf_hog_lbp_svm\data\raw\Flavia\3567.jpg,31,tangerine
3568,3568.jpg,D:\CV_leaf_identification\leaf_hog_lbp_svm\data\raw\Flavia\3568.jpg,31,tangerine
3569,3569.jpg,D:\CV_leaf_identification\leaf_hog_lbp_svm\data\raw\Flavia\3569.jpg,31,tangerine
3570,3570.jpg,D:\CV_leaf_identification\leaf_hog_lbp_svm\data\raw\Flavia\3570.jpg,31,tangerine
3571,3571.jpg,D:\CV_leaf_identification\leaf_hog_lbp_svm\data\raw\Flavia\3571.jpg,31,tangerine
3572,3572.jpg,D:\CV_leaf_identification\leaf_hog_lbp_svm\data\raw\Flavia\3572.jpg,31,tangerine
3573,3573.jpg,D:\CV_leaf_identification\leaf_hog_lbp_svm\data\raw\Flavia\3573.jpg,31,tangerine
3574,3574.jpg,D:\CV_leaf_identification\leaf_hog_lbp_svm\data\raw\Flavia\3574.jpg,31,tangerine
3575,3575.jpg,D:\CV_leaf_identification\leaf_hog_lbp_svm\data\raw\Flavia\3575.jpg,31,tangerine
3576,3576.jpg,D:\CV_leaf_identification\leaf_hog_lbp_svm\data\raw\Flavia\3576.jpg,31,tangerine
3577,3577.jpg,D:\CV_leaf_identification\leaf_hog_lbp_svm\data\raw\Flavia\3577.jpg,31,tangerine
3578,3578.jpg,D:\CV_leaf_identification\leaf_hog_lbp_svm\data\raw\Flavia\3578.jpg,31,tangerine
3579,3579.jpg,D:\CV_leaf_identification\leaf_hog_lbp_svm\data\raw\Flavia\3579.jpg,31,tangerine
3580,3580.jpg,D:\CV_leaf_identification\leaf_hog_lbp_svm\data\raw\Flavia\3580.jpg,31,tangerine
3581,3581.jpg,D:\CV_leaf_identification\leaf_hog_lbp_svm\data\raw\Flavia\3581.jpg,31,tangerine
3582,3582.jpg,D:\CV_leaf_identification\leaf_hog_lbp_svm\data\raw\Flavia\3582.jpg,31,tangerine
3583,3583.jpg,D:\CV_leaf_identification\leaf_hog_lbp_svm\data\raw\Flavia\3583.jpg,31,tangerine
3584,3584.jpg,D:\CV_leaf_identification\leaf_hog_lbp_svm\data\raw\Flavia\3584.jpg,31,tangerine
3585,3585.jpg,D:\CV_leaf_identification\leaf_hog_lbp_svm\data\raw\Flavia\3585.jpg,31,tangerine
3586,3586.jpg,D:\CV_leaf_identification\leaf_hog_lbp_svm\data\raw\Flavia\3586.jpg,31,tangerine
3587,3587.jpg,D:\CV_leaf_identification\leaf_hog_lbp_svm\data\raw\Flavia\3587.jpg,31,tangerine
3588,3588.jpg,D:\CV_leaf_identification\leaf_hog_lbp_svm\data\raw\Flavia\3588.jpg,31,tangerine
3589,3589.jpg,D:\CV_leaf_identification\leaf_hog_lbp_svm\data\raw\Flavia\3589.jpg,31,tangerine
3590,3590.jpg,D:\CV_leaf_identification\leaf_hog_lbp_svm\data\raw\Flavia\3590.jpg,31,tangerine
3591,3591.jpg,D:\CV_leaf_identification\leaf_hog_lbp_svm\data\raw\Flavia\3591.jpg,31,tangerine
3592,3592.jpg,D:\CV_leaf_identification\leaf_hog_lbp_svm\data\raw\Flavia\3592.jpg,31,tangerine
3593,3593.jpg,D:\CV_leaf_identification\leaf_hog_lbp_svm\data\raw\Flavia\3593.jpg,31,tangerine
3594,3594.jpg,D:\CV_leaf_identification\leaf_hog_lbp_svm\data\raw\Flavia\3594.jpg,31,tangerine
3595,3595.jpg,D:\CV_leaf_identification\leaf_hog_lbp_svm\data\raw\Flavia\3595.jpg,31,tangerine
3596,3596.jpg,D:\CV_leaf_identification\leaf_hog_lbp_svm\data\raw\Flavia\3596.jpg,31,tangerine
3597,3597.jpg,D:\CV_leaf_identification\leaf_hog_lbp_svm\data\raw\Flavia\3597.jpg,31,tangerine
3598,3598.jpg,D:\CV_leaf_identification\leaf_hog_lbp_svm\data\raw\Flavia\3598.jpg,31,tangerine
3599,3599.jpg,D:\CV_leaf_identification\leaf_hog_lbp_svm\data\raw\Flavia\3599.jpg,31,tangerine
3600,3600.jpg,D:\CV_leaf_identification\leaf_hog_lbp_svm\data\raw\Flavia\3600.jpg,31,tangerine
3601,3601.jpg,D:\CV_leaf_identification\leaf_hog_lbp_svm\data\raw\Flavia\3601.jpg,31,tangerine
3602,3602.jpg,D:\CV_leaf_identification\leaf_hog_lbp_svm\data\raw\Flavia\3602.jpg,31,tangerine
3603,3603.jpg,D:\CV_leaf_identification\leaf_hog_lbp_svm\data\raw\Flavia\3603.jpg,31,tangerine
3604,3604.jpg,D:\CV_leaf_identification\leaf_hog_lbp_svm\data\raw\Flavia\3604.jpg,31,tangerine
3605,3605.jpg,D:\CV_leaf_identification\leaf_hog_lbp_svm\data\raw\Flavia\3605.jpg,31,tangerine
3606,3606.jpg,D:\CV_leaf_identification\leaf_hog_lbp_svm\data\raw\Flavia\3606.jpg,31,tangerine
3607,3607.jpg,D:\CV_leaf_identification\leaf_hog_lbp_svm\data\raw\Flavia\3607.jpg,31,tangerine
3608,3608.jpg,D:\CV_leaf_identification\leaf_hog_lbp_svm\data\raw\Flavia\3608.jpg,31,tangerine
3609,3609.jpg,D:\CV_leaf_identification\leaf_hog_lbp_svm\data\raw\Flavia\3609.jpg,31,tangerine
3610,3610.jpg,D:\CV_leaf_identification\leaf_hog_lbp_svm\data\raw\Flavia\3610.jpg,31,tangerine
3611,3611.jpg,D:\CV_leaf_identification\leaf_hog_lbp_svm\data\raw\Flavia\3611.jpg,31,tangerine
3612,3612.jpg,D:\CV_leaf_identification\leaf_hog_lbp_svm\data\raw\Flavia\3612.jpg,31,tangerine
3613,3613.jpg,D:\CV_leaf_identification\leaf_hog_lbp_svm\data\raw\Flavia\3613.jpg,31,tangerine
3614,3614.jpg,D:\CV_leaf_identification\leaf_hog_lbp_svm\data\raw\Flavia\3614.jpg,31,tangerine
3615,3615.jpg,D:\CV_leaf_identification\leaf_hog_lbp_svm\data\raw\Flavia\3615.jpg,31,tangerine
3616,3616.jpg,D:\CV_leaf_identification\leaf_hog_lbp_svm\data\raw\Flavia\3616.jpg,31,tangerine
3617,3617.jpg,D:\CV_leaf_identification\leaf_hog_lbp_svm\data\raw\Flavia\3617.jpg,31,tangerine
3618,3618.jpg,D:\CV_leaf_identification\leaf_hog_lbp_svm\data\raw\Flavia\3618.jpg,31,tangerine
3619,3619.jpg,D:\CV_leaf_identification\leaf_hog_lbp_svm\data\raw\Flavia\3619.jpg,31,tangerine
3620,3620.jpg,D:\CV_leaf_identification\leaf_hog_lbp_svm\data\raw\Flavia\3620.jpg,31,tangerine
3621,3621.jpg,D:\CV_leaf_identification\leaf_hog_lbp_svm\data\raw\Flavia\3621.jpg,31,tangerine
